exam,id,book,chapter,set,question,sourceFile,pdfPage,answerPage,availability,keyPosition,graded,issue,topic
Exam 1,b1-c1-s1-q01,1,1,1,1,Copy of Book 1.pdf,46,216,Located in assigned book,1,True,,Purpose and selection
Exam 1,b1-c1-s1-q02,1,1,1,2,Copy of Book 1.pdf,46,216,Located in assigned book,2,True,,Purpose and selection
Exam 1,b1-c1-s1-q03,1,1,1,3,Copy of Book 1.pdf,47,217,Located in assigned book,3,True,,Material families
Exam 1,b1-c1-s1-q04,1,1,1,4,Copy of Book 1.pdf,47,217,Located in assigned book,4,True,,Purpose and selection
Exam 1,b1-c1-s1-q05,1,1,1,5,Copy of Book 1.pdf,47,217,Located in assigned book,5,False,The application/component alternatives are both reasonable descriptions. The book marks the component wording. Excluded from mastery scoring.,Purpose and selection
Exam 1,b1-c1-s1-q06,1,1,1,6,Copy of Book 1.pdf,47,217,Located in assigned book,5,True,,Purpose and selection
Exam 1,b1-c1-s1-q07,1,1,1,7,Copy of Book 1.pdf,47,217,Located in assigned book,2,True,,Materials in history
Exam 1,b1-c1-s1-q08,1,1,1,8,Copy of Book 1.pdf,48,218,Located in assigned book,1,True,,Materials in history
Exam 1,b1-c1-s1-q09,1,1,1,9,Copy of Book 1.pdf,48,218,Located in assigned book,3,True,,Materials in history
Exam 1,b1-c1-s1-q10,1,1,1,10,Copy of Book 1.pdf,48,218,Located in assigned book,4,True,,Materials in history
Exam 1,b1-c1-s1-q11,1,1,1,11,Copy of Book 1.pdf,48,218,Located in assigned book,5,True,,Materials in history
Exam 1,b1-c1-s1-q12,1,1,1,12,Copy of Book 1.pdf,49,219,Located in assigned book,2,True,,Implant requirements
Exam 1,b1-c1-s1-q13,1,1,1,13,Copy of Book 1.pdf,49,219,Located in assigned book,1,True,,Implant requirements
Exam 1,b1-c1-s1-q14,1,1,1,14,Copy of Book 1.pdf,49,219,Located in assigned book,2,True,,Implant requirements
Exam 1,b1-c1-s1-q15,1,1,1,15,Copy of Book 1.pdf,49,219,Located in assigned book,4,True,,Implant requirements
Exam 1,b1-c1-s1-q16,1,1,1,16,Copy of Book 1.pdf,50,220,Located in assigned book,5,True,,Purpose and selection
Exam 1,b1-c1-s1-q17,1,1,1,17,Copy of Book 1.pdf,50,220,Located in assigned book,1,True,,Purpose and selection
Exam 1,b1-c1-s1-q18,1,1,1,18,Copy of Book 1.pdf,50,220,Located in assigned book,3,True,,Purpose and selection
Exam 1,b1-c1-s1-q19,1,1,1,19,Copy of Book 1.pdf,50,220,Located in assigned book,4,True,,Material families
Exam 1,b1-c1-s1-q20,1,1,1,20,Copy of Book 1.pdf,50,220,Located in assigned book,5,True,,Purpose and selection
Exam 1,b1-c1-s1-q21,1,1,1,21,Copy of Book 1.pdf,51,221,Located in assigned book,1,True,,Processing
Exam 1,b1-c1-s1-q22,1,1,1,22,Copy of Book 1.pdf,51,221,Located in assigned book,5,True,,Processing
Exam 1,b1-c1-s1-q23,1,1,1,23,Copy of Book 1.pdf,51,221,Located in assigned book,2,True,,Processing
Exam 1,b1-c1-s1-q24,1,1,1,24,Copy of Book 1.pdf,51,221,Located in assigned book,2,True,,Bonding mechanisms
Exam 1,b1-c1-s1-q25,1,1,1,25,Copy of Book 1.pdf,52,222,Located in assigned book,1,True,,Bonding mechanisms
Exam 1,b1-c1-s1-q26,1,1,1,26,Copy of Book 1.pdf,52,222,Located in assigned book,3,True,,Bonding mechanisms
Exam 1,b1-c1-s1-q27,1,1,1,27,Copy of Book 1.pdf,52,222,Located in assigned book,4,True,,Bonding mechanisms
Exam 1,b1-c1-s1-q28,1,1,1,28,Copy of Book 1.pdf,52,222,Located in assigned book,2,True,,Mechanical properties
Exam 1,b1-c1-s1-q29,1,1,1,29,Copy of Book 1.pdf,52,222,Located in assigned book,2,True,,Heat and electrical transport
Exam 1,b1-c1-s1-q30,1,1,1,30,Copy of Book 1.pdf,53,223,Located in assigned book,4,True,,Heat and electrical transport
Exam 1,b1-c1-s2-q01,1,1,2,1,Copy of Book 1.pdf,54,224,Located in assigned book,1,True,,Processing
Exam 1,b1-c1-s2-q02,1,1,2,2,Copy of Book 1.pdf,54,224,Located in assigned book,2,True,,Bonding mechanisms
Exam 1,b1-c1-s2-q03,1,1,2,3,Copy of Book 1.pdf,54,224,Located in assigned book,3,True,,Bonding mechanisms
Exam 1,b1-c1-s2-q04,1,1,2,4,Copy of Book 1.pdf,54,224,Located in assigned book,4,True,,Mechanical properties
Exam 1,b1-c1-s2-q05,1,1,2,5,Copy of Book 1.pdf,55,225,Located in assigned book,2,True,,Heat and electrical transport
Exam 1,b1-c1-s2-q06,1,1,2,6,Copy of Book 1.pdf,55,225,Located in assigned book,5,True,,Heat and electrical transport
Exam 1,b1-c1-s2-q07,1,1,2,7,Copy of Book 1.pdf,55,225,Located in assigned book,1,True,,Heat and electrical transport
Exam 1,b1-c1-s2-q08,1,1,2,8,Copy of Book 1.pdf,55,225,Located in assigned book,3,True,,Bonding mechanisms
Exam 1,b1-c1-s2-q09,1,1,2,9,Copy of Book 1.pdf,55,225,Located in assigned book,4,True,,Mechanical properties
Exam 1,b1-c1-s2-q10,1,1,2,10,Copy of Book 1.pdf,56,226,Located in assigned book,2,True,,Heat and electrical transport
Exam 1,b1-c1-s2-q11,1,1,2,11,Copy of Book 1.pdf,56,226,Located in assigned book,5,True,,Heat and electrical transport
Exam 1,b1-c1-s2-q12,1,1,2,12,Copy of Book 1.pdf,56,226,Located in assigned book,1,True,,Heat and electrical transport
Exam 1,b1-c1-s2-q13,1,1,2,13,Copy of Book 1.pdf,56,226,Located in assigned book,2,True,,Material families
Exam 1,b1-c1-s2-q14,1,1,2,14,Copy of Book 1.pdf,56,226,Located in assigned book,4,True,,Material families
Exam 1,b1-c1-s2-q15,1,1,2,15,Copy of Book 1.pdf,57,227,Located in assigned book,1,True,,Material families
Exam 1,b1-c1-s2-q16,1,1,2,16,Copy of Book 1.pdf,57,227,Located in assigned book,2,True,Drawing also occurs in polymer processing; this question uses the chapter’s metal-wire example.,Processing
Exam 1,b1-c1-s2-q17,1,1,2,17,Copy of Book 1.pdf,57,227,Located in assigned book,3,False,Both metals and ceramics can be sintered. The book intends its ceramic-powder example but the standalone wording is broad. Excluded from mastery scoring.,Processing
Exam 1,b1-c1-s2-q18,1,1,2,18,Copy of Book 1.pdf,57,227,Located in assigned book,1,True,,Processing
Exam 1,b1-c1-s2-q19,1,1,2,19,Copy of Book 1.pdf,57,227,Located in assigned book,3,True,,Processing
Exam 1,b1-c1-s2-q20,1,1,2,20,Copy of Book 1.pdf,58,228,Located in assigned book,4,True,,Processing
Exam 1,b1-c1-s2-q21,1,1,2,21,Copy of Book 1.pdf,58,228,Located in assigned book,2,True,,Processing
Exam 1,b1-c1-s2-q22,1,1,2,22,Copy of Book 1.pdf,58,228,Located in assigned book,1,True,,Processing
Exam 1,b1-c1-s2-q23,1,1,2,23,Copy of Book 1.pdf,58,228,Located in assigned book,3,True,,Processing
Exam 1,b1-c1-s2-q24,1,1,2,24,Copy of Book 1.pdf,59,229,Located in assigned book,1,True,"Six choices are printed, including two labeled a. Position numbers distinguish them without changing the PDF.",Processing
Exam 1,b1-c1-s2-q25,1,1,2,25,Copy of Book 1.pdf,59,229,Located in assigned book,5,True,The marked option describes densification; external compression is not required for all sintering.,Processing
Exam 1,b1-c1-s2-q26,1,1,2,26,Copy of Book 1.pdf,59,229,Located in assigned book,3,True,,Processing
Exam 1,b1-c1-s2-q27,1,1,2,27,Copy of Book 1.pdf,59,229,Located in assigned book,2,True,,Processing
Exam 1,b1-c1-s2-q28,1,1,2,28,Copy of Book 1.pdf,59,229,Located in assigned book,1,True,The best printed choice says rod; tube drawing more precisely starts from hollow tubing.,Processing
Exam 1,b1-c1-s2-q29,1,1,2,29,Copy of Book 1.pdf,60,230,Located in assigned book,4,True,,Processing
Exam 1,b1-c1-s2-q30,1,1,2,30,Copy of Book 1.pdf,60,230,Located in assigned book,1,True,,Processing
Exam 1,b1-c2-s1-q01,1,2,1,1,Copy of Book 1.pdf,77,247,Located in assigned book,1,True,,Atomic particles
Exam 1,b1-c2-s1-q02,1,2,1,2,Copy of Book 1.pdf,77,247,Located in assigned book,2,True,,Atomic particles
Exam 1,b1-c2-s1-q03,1,2,1,3,Copy of Book 1.pdf,77,247,Located in assigned book,3,True,,Atomic particles
Exam 1,b1-c2-s1-q04,1,2,1,4,Copy of Book 1.pdf,78,248,Located in assigned book,1,True,,Atomic particles
Exam 1,b1-c2-s1-q05,1,2,1,5,Copy of Book 1.pdf,78,248,Located in assigned book,5,True,,Atomic particles
Exam 1,b1-c2-s1-q06,1,2,1,6,Copy of Book 1.pdf,78,248,Located in assigned book,2,True,,Atomic particles
Exam 1,b1-c2-s1-q07,1,2,1,7,Copy of Book 1.pdf,78,248,Located in assigned book,2,True,,Atomic particles
Exam 1,b1-c2-s1-q08,1,2,1,8,Copy of Book 1.pdf,79,249,Located in assigned book,2,True,,Atomic quantities
Exam 1,b1-c2-s1-q09,1,2,1,9,Copy of Book 1.pdf,79,249,Located in assigned book,5,True,,Atomic particles
Exam 1,b1-c2-s1-q10,1,2,1,10,Copy of Book 1.pdf,79,249,Located in assigned book,5,True,,Periodic table applications
Exam 1,b1-c2-s1-q11,1,2,1,11,Copy of Book 1.pdf,79,249,Located in assigned book,1,True,,Periodic table applications
Exam 1,b1-c2-s1-q12,1,2,1,12,Copy of Book 1.pdf,79,249,Located in assigned book,3,True,,Periodic table applications
Exam 1,b1-c2-s1-q13,1,2,1,13,Copy of Book 1.pdf,80,250,Located in assigned book,1,True,,Bonding mechanisms
Exam 1,b1-c2-s1-q14,1,2,1,14,Copy of Book 1.pdf,80,250,Located in assigned book,2,True,,Bonding mechanisms
Exam 1,b1-c2-s1-q15,1,2,1,15,Copy of Book 1.pdf,80,250,Located in assigned book,3,True,,Bonding mechanisms
Exam 1,b1-c2-s1-q16,1,2,1,16,Copy of Book 1.pdf,80,250,Located in assigned book,4,True,The book uses atomic weight for molar mass. Strict relative atomic weight is dimensionless.,Atomic quantities
Exam 1,b1-c2-s1-q17,1,2,1,17,Copy of Book 1.pdf,81,251,Located in assigned book,1,True,,Atomic quantities
Exam 1,b1-c2-s1-q18,1,2,1,18,Copy of Book 1.pdf,81,251,Located in assigned book,2,True,,Atomic quantities
Exam 1,b1-c2-s1-q19,1,2,1,19,Copy of Book 1.pdf,81,251,Located in assigned book,2,True,The book uses weight loosely for mass and atomic weight for a molar quantity.,Atomic quantities
Exam 1,b1-c2-s1-q20,1,2,1,20,Copy of Book 1.pdf,81,251,Located in assigned book,2,True,,Purpose and selection
Exam 1,b1-c2-s1-q21,1,2,1,21,Copy of Book 1.pdf,81,251,Located in assigned book,4,True,,Purpose and selection
Exam 1,b1-c2-s1-q22,1,2,1,22,Copy of Book 1.pdf,82,252,Located in assigned book,5,True,,Periodic table applications
Exam 1,b1-c2-s1-q23,1,2,1,23,Copy of Book 1.pdf,82,252,Located in assigned book,1,True,,Periodic table applications
Exam 1,b1-c2-s1-q24,1,2,1,24,Copy of Book 1.pdf,82,252,Located in assigned book,2,False,"Electronic structure also affects magnetism, so more than one option is scientifically plausible. Excluded from mastery scoring.",Periodic table applications
Exam 1,b1-c2-s1-q25,1,2,1,25,Copy of Book 1.pdf,82,252,Located in assigned book,1,True,,Periodic table applications
Exam 1,b1-c2-s1-q26,1,2,1,26,Copy of Book 1.pdf,83,253,Located in assigned book,3,True,,Periodic table applications
Exam 1,b1-c2-s1-q27,1,2,1,27,Copy of Book 1.pdf,83,253,Located in assigned book,1,True,,Quantum numbers
Exam 1,b1-c2-s1-q28,1,2,1,28,Copy of Book 1.pdf,83,253,Located in assigned book,2,True,,Quantum numbers
Exam 1,b1-c2-s1-q29,1,2,1,29,Copy of Book 1.pdf,83,253,Located in assigned book,2,True,,Quantum numbers
Exam 1,b1-c2-s1-q30,1,2,1,30,Copy of Book 1.pdf,83,253,Located in assigned book,2,True,,Quantum numbers
Exam 1,b1-c2-s2-q01,1,2,2,1,Copy of Book 1.pdf,85,255,Located in assigned book,2,True,,Quantum numbers
Exam 1,b1-c2-s2-q02,1,2,2,2,Copy of Book 1.pdf,85,255,Located in assigned book,5,True,,Quantum numbers
Exam 1,b1-c2-s2-q03,1,2,2,3,Copy of Book 1.pdf,85,255,Located in assigned book,3,True,,Quantum numbers
Exam 1,b1-c2-s2-q04,1,2,2,4,Copy of Book 1.pdf,85,255,Located in assigned book,4,True,,Valence and periodic groups
Exam 1,b1-c2-s2-q05,1,2,2,5,Copy of Book 1.pdf,86,256,Located in assigned book,1,True,,Valence and periodic groups
Exam 1,b1-c2-s2-q06,1,2,2,6,Copy of Book 1.pdf,86,256,Located in assigned book,1,True,,Electron filling
Exam 1,b1-c2-s2-q07,1,2,2,7,Copy of Book 1.pdf,86,256,Located in assigned book,3,True,,Electron filling
Exam 1,b1-c2-s2-q08,1,2,2,8,Copy of Book 1.pdf,86,256,Located in assigned book,4,True,,Electron filling
Exam 1,b1-c2-s2-q09,1,2,2,9,Copy of Book 1.pdf,87,257,Located in assigned book,1,True,,Electron filling
Exam 1,b1-c2-s2-q10,1,2,2,10,Copy of Book 1.pdf,87,257,Located in assigned book,,False,"No answer is marked on PDF page 257. The expected Aufbau result is explained after submission, but no official key is assumed. Ask the instructor to confirm.",Electron filling
Exam 1,b1-c2-s2-q11,1,2,2,11,Copy of Book 1.pdf,87,257,Located in assigned book,1,True,,Electron filling
Exam 1,b1-c2-s2-q12,1,2,2,12,Copy of Book 1.pdf,87,257,Located in assigned book,2,True,,Electron filling
Exam 1,b1-c2-s2-q13,1,2,2,13,Copy of Book 1.pdf,88,258,Located in assigned book,4,True,,Valence and periodic groups
Exam 1,b1-c2-s2-q14,1,2,2,14,Copy of Book 1.pdf,88,258,Located in assigned book,2,True,,Valence and periodic groups
Exam 1,b1-c2-s2-q15,1,2,2,15,Copy of Book 1.pdf,88,258,Located in assigned book,2,True,,Valence and periodic groups
Exam 1,b1-c2-s2-q16,1,2,2,16,Copy of Book 1.pdf,88,258,Located in assigned book,5,True,,Valence and periodic groups
Exam 1,b1-c2-s2-q17,1,2,2,17,Copy of Book 1.pdf,89,259,Located in assigned book,4,True,,Valence and periodic groups
Exam 1,b1-c2-s2-q18,1,2,2,18,Copy of Book 1.pdf,89,259,Located in assigned book,3,True,,Valence and periodic groups
Exam 1,b1-c2-s2-q19,1,2,2,19,Copy of Book 1.pdf,89,259,Located in assigned book,2,True,,Valence and periodic groups
Exam 1,b1-c2-s2-q20,1,2,2,20,Copy of Book 1.pdf,89,259,Located in assigned book,1,True,,Valence and periodic groups
Exam 1,b1-c2-s2-q21,1,2,2,21,Copy of Book 1.pdf,89,260,Located in assigned book,1,True,,Valence and periodic groups
Exam 1,b1-c2-s2-q22,1,2,2,22,Copy of Book 1.pdf,90,260,Located in assigned book,1,True,,Electron filling
Exam 1,b1-c2-s2-q23,1,2,2,23,Copy of Book 1.pdf,90,260,Located in assigned book,2,True,,Electron filling
Exam 1,b1-c2-s2-q24,1,2,2,24,Copy of Book 1.pdf,90,260,Located in assigned book,3,True,Six choices are printed with two c labels. Position numbers distinguish the choices.,Electron filling
Exam 1,b1-c2-s2-q25,1,2,2,25,Copy of Book 1.pdf,90,260,Located in assigned book,5,True,Six choices are printed with two c labels. Position numbers distinguish the choices.,Electron filling
Exam 1,b1-c2-s2-q26,1,2,2,26,Copy of Book 1.pdf,91,261,Located in assigned book,2,True,,Bonding mechanisms
Exam 1,b1-c2-s2-q27,1,2,2,27,Copy of Book 1.pdf,91,261,Located in assigned book,3,True,,Bonding mechanisms
Exam 1,b1-c2-s2-q28,1,2,2,28,Copy of Book 1.pdf,91,261,Located in assigned book,1,True,,Bonding mechanisms
Exam 1,b1-c2-s2-q29,1,2,2,29,Copy of Book 1.pdf,91,261,Located in assigned book,4,True,,Bonding mechanisms
Exam 1,b1-c2-s2-q30,1,2,2,30,Copy of Book 1.pdf,91,261,Located in assigned book,4,True,,Bonding mechanisms
Exam 1,b1-c3-s1-q01,1,3,1,1,Copy of Book 1.pdf,115,285,Located in assigned book,1,True,,Bond-property relationships
Exam 1,b1-c3-s1-q02,1,3,1,2,Copy of Book 1.pdf,115,285,Located in assigned book,5,True,,Bond-property relationships
Exam 1,b1-c3-s1-q03,1,3,1,3,Copy of Book 1.pdf,116,286,Located in assigned book,2,True,,Bond-property relationships
Exam 1,b1-c3-s1-q04,1,3,1,4,Copy of Book 1.pdf,116,286,Located in assigned book,4,True,,Bond-property relationships
Exam 1,b1-c3-s1-q05,1,3,1,5,Copy of Book 1.pdf,116,286,Located in assigned book,5,True,,Bond-property relationships
Exam 1,b1-c3-s1-q06,1,3,1,6,Copy of Book 1.pdf,116,286,Located in assigned book,1,True,,Bond-property relationships
Exam 1,b1-c3-s1-q07,1,3,1,7,Copy of Book 1.pdf,116,286,Located in assigned book,3,True,,Bond-property relationships
Exam 1,b1-c3-s1-q08,1,3,1,8,Copy of Book 1.pdf,117,287,Located in assigned book,2,True,,Bond-property relationships
Exam 1,b1-c3-s1-q09,1,3,1,9,Copy of Book 1.pdf,117,287,Located in assigned book,3,True,,Bond-property relationships
Exam 1,b1-c3-s1-q10,1,3,1,10,Copy of Book 1.pdf,117,287,Located in assigned book,2,False,Force and extension can be related in either direction. Two reversed wordings are plausible. Excluded from mastery scoring.,Hooke law
Exam 1,b1-c3-s1-q11,1,3,1,11,Copy of Book 1.pdf,117,287,Located in assigned book,3,True,,Hooke law
Exam 1,b1-c3-s1-q12,1,3,1,12,Copy of Book 1.pdf,118,288,Located in assigned book,4,True,,Hooke law
Exam 1,b1-c3-s1-q13,1,3,1,13,Copy of Book 1.pdf,118,288,Located in assigned book,3,True,,Hooke law
Exam 1,b1-c3-s1-q14,1,3,1,14,Copy of Book 1.pdf,118,288,Located in assigned book,1,True,,Stress and strain
Exam 1,b1-c3-s1-q15,1,3,1,15,Copy of Book 1.pdf,118,288,Located in assigned book,3,True,,Stress and strain
Exam 1,b1-c3-s1-q16,1,3,1,16,Copy of Book 1.pdf,119,289,Located in assigned book,4,True,,Stress and strain
Exam 1,b1-c3-s1-q17,1,3,1,17,Copy of Book 1.pdf,119,289,Located in assigned book,5,True,,Stress and strain
Exam 1,b1-c3-s1-q18,1,3,1,18,Copy of Book 1.pdf,119,289,Located in assigned book,1,True,,Stress and strain
Exam 1,b1-c3-s1-q19,1,3,1,19,Copy of Book 1.pdf,119,289,Located in assigned book,3,True,,Stress and strain
Exam 1,b1-c3-s1-q20,1,3,1,20,Copy of Book 1.pdf,119,289,Located in assigned book,2,True,,Stress and strain
Exam 1,b1-c3-s1-q21,1,3,1,21,Copy of Book 1.pdf,120,290,Located in assigned book,5,True,,Stress and strain
Exam 1,b1-c3-s1-q22,1,3,1,22,Copy of Book 1.pdf,120,290,Located in assigned book,2,True,,Stress and strain
Exam 1,b1-c3-s1-q23,1,3,1,23,Copy of Book 1.pdf,120,290,Located in assigned book,2,True,,Stress and strain
Exam 1,b1-c3-s1-q24,1,3,1,24,Copy of Book 1.pdf,120,290,Located in assigned book,3,True,,Stress and strain
Exam 1,b1-c3-s1-q25,1,3,1,25,Copy of Book 1.pdf,121,291,Located in assigned book,4,True,,Stress and strain
Exam 1,b1-c3-s1-q26,1,3,1,26,Copy of Book 1.pdf,121,291,Located in assigned book,1,True,,Thermal expansion
Exam 1,b1-c3-s1-q27,1,3,1,27,Copy of Book 1.pdf,121,291,Located in assigned book,2,True,,Thermal expansion
Exam 1,b1-c3-s1-q28,1,3,1,28,Copy of Book 1.pdf,121,291,Located in assigned book,2,True,,Thermal expansion
Exam 1,b1-c3-s1-q29,1,3,1,29,Copy of Book 1.pdf,121,291,Located in assigned book,3,True,,Thermal expansion
Exam 1,b1-c3-s1-q30,1,3,1,30,Copy of Book 1.pdf,122,292,Located in assigned book,4,False,"The marked E-glass value appears ten times larger than manufacturer data. The source key is retained for reference, not used for mastery scoring.",Thermal expansion
Exam 1,b1-c3-s2-q01,1,3,2,1,Copy of Book 1.pdf,123,293,Located in assigned book,2,True,,Thermal expansion
Exam 1,b1-c3-s2-q02,1,3,2,2,Copy of Book 1.pdf,123,293,Located in assigned book,1,True,,Thermal expansion
Exam 1,b1-c3-s2-q03,1,3,2,3,Copy of Book 1.pdf,123,293,Located in assigned book,2,False,This comparison depends on the questionable E-glass value in Chapter 3 Set 1 item 30. Excluded from mastery scoring.,Thermal expansion
Exam 1,b1-c3-s2-q04,1,3,2,4,Copy of Book 1.pdf,123,293,Located in assigned book,2,True,,Bond equilibrium
Exam 1,b1-c3-s2-q05,1,3,2,5,Copy of Book 1.pdf,124,294,Located in assigned book,3,True,,Bond equilibrium
Exam 1,b1-c3-s2-q06,1,3,2,6,Copy of Book 1.pdf,124,294,Located in assigned book,4,True,,Bond equilibrium
Exam 1,b1-c3-s2-q07,1,3,2,7,Copy of Book 1.pdf,124,294,Located in assigned book,3,True,,Bond equilibrium
Exam 1,b1-c3-s2-q08,1,3,2,8,Copy of Book 1.pdf,124,294,Located in assigned book,5,True,,Bond equilibrium
Exam 1,b1-c3-s2-q09,1,3,2,9,Copy of Book 1.pdf,125,295,Located in assigned book,4,True,,Bond equilibrium
Exam 1,b1-c3-s2-q10,1,3,2,10,Copy of Book 1.pdf,125,295,Located in assigned book,2,True,Potential energy is the negative integral of physical radial force. The source does not specify its force sign convention.,Bond equilibrium
Exam 1,b1-c3-s2-q11,1,3,2,11,Copy of Book 1.pdf,125,295,Located in assigned book,1,True,,Bond-property relationships
Exam 1,b1-c3-s2-q12,1,3,2,12,Copy of Book 1.pdf,125,295,Located in assigned book,2,True,,Bond-property relationships
Exam 1,b1-c3-s2-q13,1,3,2,13,Copy of Book 1.pdf,126,296,Located in assigned book,1,True,,Bond-property relationships
Exam 1,b1-c3-s2-q14,1,3,2,14,Copy of Book 1.pdf,126,296,Located in assigned book,3,True,,Bond-property relationships
Exam 1,b1-c3-s2-q15,1,3,2,15,Copy of Book 1.pdf,126,296,Located in assigned book,3,True,,Bond-property relationships
Exam 1,b1-c3-s2-q16,1,3,2,16,Copy of Book 1.pdf,126,296,Located in assigned book,4,True,,Bond-property relationships
Exam 1,b1-c3-s2-q17,1,3,2,17,Copy of Book 1.pdf,127,297,Located in assigned book,2,True,,Bond-property relationships
Exam 1,b1-c3-s2-q18,1,3,2,18,Copy of Book 1.pdf,127,297,Located in assigned book,2,True,,Bond-property relationships
Exam 1,b1-c3-s2-q19,1,3,2,19,Copy of Book 1.pdf,127,297,Located in assigned book,3,True,,Bond-property relationships
Exam 1,b1-c3-s2-q20,1,3,2,20,Copy of Book 1.pdf,127,297,Located in assigned book,1,True,,Bond-property relationships
Exam 1,b1-c3-s2-q21,1,3,2,21,Copy of Book 1.pdf,127,297,Located in assigned book,3,True,,Bond-property relationships
Exam 1,b1-c3-s2-q22,1,3,2,22,Copy of Book 1.pdf,128,298,Located in assigned book,1,True,,Bond-property relationships
Exam 1,b1-c3-s2-q23,1,3,2,23,Copy of Book 1.pdf,128,298,Located in assigned book,2,True,,Bond-property relationships
Exam 1,b1-c3-s2-q24,1,3,2,24,Copy of Book 1.pdf,128,298,Located in assigned book,4,True,,Bond-property relationships
Exam 1,b1-c3-s2-q25,1,3,2,25,Copy of Book 1.pdf,128,298,Located in assigned book,2,True,,Bond-property relationships
Exam 1,b1-c3-s2-q26,1,3,2,26,Copy of Book 1.pdf,129,299,Located in assigned book,2,True,,Bond-property relationships
Exam 1,b1-c3-s2-q27,1,3,2,27,Copy of Book 1.pdf,129,299,Located in assigned book,2,True,,Bond-property relationships
Exam 1,b1-c3-s2-q28,1,3,2,28,Copy of Book 1.pdf,129,299,Located in assigned book,4,True,,Processing
Exam 1,b1-c3-s2-q29,1,3,2,29,Copy of Book 1.pdf,129,299,Located in assigned book,2,True,,Processing
Exam 1,b1-c3-s2-q30,1,3,2,30,Copy of Book 1.pdf,130,300,Located in assigned book,3,True,,Processing
Exam 1,b1-c4-s1-q01,1,4,1,1,Copy of Book 1.pdf,149,319,Located in assigned book,5,True,,Crystal order
Exam 1,b1-c4-s1-q02,1,4,1,2,Copy of Book 1.pdf,149,319,Located in assigned book,4,True,,Crystal order
Exam 1,b1-c4-s1-q03,1,4,1,3,Copy of Book 1.pdf,150,320,Located in assigned book,3,True,,Crystal order
Exam 1,b1-c4-s1-q04,1,4,1,4,Copy of Book 1.pdf,150,320,Located in assigned book,2,True,,Crystal order
Exam 1,b1-c4-s1-q05,1,4,1,5,Copy of Book 1.pdf,150,320,Located in assigned book,1,True,,Unit-cell geometry
Exam 1,b1-c4-s1-q06,1,4,1,6,Copy of Book 1.pdf,150,320,Located in assigned book,5,True,,Unit-cell geometry
Exam 1,b1-c4-s1-q07,1,4,1,7,Copy of Book 1.pdf,150,320,Located in assigned book,1,True,,Unit-cell geometry
Exam 1,b1-c4-s1-q08,1,4,1,8,Copy of Book 1.pdf,151,321,Located in assigned book,2,True,,Unit-cell geometry
Exam 1,b1-c4-s1-q09,1,4,1,9,Copy of Book 1.pdf,151,321,Located in assigned book,3,True,,Crystal systems
Exam 1,b1-c4-s1-q10,1,4,1,10,Copy of Book 1.pdf,151,321,Located in assigned book,2,True,,Bravais lattices
Exam 1,b1-c4-s1-q11,1,4,1,11,Copy of Book 1.pdf,151,321,Located in assigned book,1,True,,Crystal structures
Exam 1,b1-c4-s1-q12,1,4,1,12,Copy of Book 1.pdf,151,322,Located in assigned book,2,True,,Crystal structures
Exam 1,b1-c4-s1-q13,1,4,1,13,Copy of Book 1.pdf,152,322,Located in assigned book,3,True,,Crystal structures
Exam 1,b1-c4-s1-q14,1,4,1,14,Copy of Book 1.pdf,152,322,Located in assigned book,2,True,,Crystal structures
Exam 1,b1-c4-s1-q15,1,4,1,15,Copy of Book 1.pdf,152,322,Located in assigned book,1,True,,Unit-cell geometry
Exam 1,b1-c4-s1-q16,1,4,1,16,Copy of Book 1.pdf,152,322,Located in assigned book,2,True,,Crystal structures
Exam 1,b1-c4-s1-q17,1,4,1,17,Copy of Book 1.pdf,153,323,Located in assigned book,1,True,,Crystal order
Exam 1,b1-c4-s1-q18,1,4,1,18,Copy of Book 1.pdf,153,323,Located in assigned book,3,True,,Crystal order
Exam 1,b1-c4-s1-q19,1,4,1,19,Copy of Book 1.pdf,153,323,Located in assigned book,2,True,A primitive cell is minimum-volume. A conventional unit cell may be larger for symmetry.,Crystal order
Exam 1,b1-c4-s1-q20,1,4,1,20,Copy of Book 1.pdf,153,323,Located in assigned book,3,True,,Unit-cell geometry
Exam 1,b1-c4-s1-q21,1,4,1,21,Copy of Book 1.pdf,153,323,Located in assigned book,4,True,,Unit-cell geometry
Exam 1,b1-c4-s1-q22,1,4,1,22,Copy of Book 1.pdf,154,324,Located in assigned book,5,True,,Unit-cell geometry
Exam 1,b1-c4-s1-q23,1,4,1,23,Copy of Book 1.pdf,154,324,Located in assigned book,1,True,"One atom per lattice point is the chapter’s simple metal model, not a universal rule.",Crystal order
Exam 1,b1-c4-s1-q24,1,4,1,24,Copy of Book 1.pdf,154,324,Located in assigned book,3,True,,Crystal order
Exam 1,b1-c4-s1-q25,1,4,1,25,Copy of Book 1.pdf,154,324,Located in assigned book,5,True,,Crystal order
Exam 1,b1-c4-s1-q26,1,4,1,26,Copy of Book 1.pdf,154,325,Located in assigned book,4,True,,Crystal structures
Exam 1,b1-c4-s1-q27,1,4,1,27,Copy of Book 1.pdf,155,325,Located in assigned book,2,True,,Crystal order
Exam 1,b1-c4-s1-q28,1,4,1,28,Copy of Book 1.pdf,155,325,Located in assigned book,3,True,The minimum-volume qualifier strictly applies to a primitive cell.,Crystal order
Exam 1,b1-c4-s1-q29,1,4,1,29,Copy of Book 1.pdf,155,325,Located in assigned book,2,True,,Unit-cell geometry
Exam 1,b1-c4-s1-q30,1,4,1,30,Copy of Book 1.pdf,155,325,Located in assigned book,3,True,,Unit-cell geometry
Exam 1,b1-c4-s2-q01,1,4,2,1,Copy of Book 1.pdf,157,327,Located in assigned book,1,True,,Crystal systems
Exam 1,b1-c4-s2-q02,1,4,2,2,Copy of Book 1.pdf,157,327,Located in assigned book,2,True,,Bravais lattices
Exam 1,b1-c4-s2-q03,1,4,2,3,Copy of Book 1.pdf,157,327,Located in assigned book,3,True,,Crystal systems
Exam 1,b1-c4-s2-q04,1,4,2,4,Copy of Book 1.pdf,157,327,Located in assigned book,2,True,,Bravais lattices
Exam 1,b1-c4-s2-q05,1,4,2,5,Copy of Book 1.pdf,158,328,Located in assigned book,4,True,"The first option uses SCC, apparently for simple cubic. The book marks the unambiguous full-name option.",Bravais lattices
Exam 1,b1-c4-s2-q06,1,4,2,6,Copy of Book 1.pdf,158,328,Located in assigned book,1,True,,Bravais lattices
Exam 1,b1-c4-s2-q07,1,4,2,7,Copy of Book 1.pdf,158,328,Located in assigned book,1,True,,Bravais lattices
Exam 1,b1-c4-s2-q08,1,4,2,8,Copy of Book 1.pdf,158,328,Located in assigned book,4,True,,Bravais lattices
Exam 1,b1-c4-s2-q09,1,4,2,9,Copy of Book 1.pdf,158,328,Located in assigned book,3,True,,Crystal systems
Exam 1,b1-c4-s2-q10,1,4,2,10,Copy of Book 1.pdf,159,329,Located in assigned book,2,True,"This is the tenth item in Set 2, misprinted as question 40 on PDF page 159; answer page 329 calls it 10.",Crystal systems
Exam 1,b1-c4-s2-q11,1,4,2,11,Copy of Book 1.pdf,159,329,Located in assigned book,2,True,,Crystal systems
Exam 1,b1-c4-s2-q12,1,4,2,12,Copy of Book 1.pdf,159,329,Located in assigned book,4,True,,Crystal systems
Exam 1,b1-c4-s2-q13,1,4,2,13,Copy of Book 1.pdf,159,329,Located in assigned book,3,True,,Crystal systems
Exam 1,b1-c4-s2-q14,1,4,2,14,Copy of Book 1.pdf,160,330,Located in assigned book,4,True,Two choices have the same valid right-angle condition. Both positions 1 and 4 receive credit; the book bolds position 4.,Crystal systems
Exam 1,b1-c4-s2-q15,1,4,2,15,Copy of Book 1.pdf,160,330,Located in assigned book,3,True,,Crystal systems
Exam 1,b1-c4-s2-q16,1,4,2,16,Copy of Book 1.pdf,160,330,Located in assigned book,1,True,,Crystal systems
Exam 1,b1-c4-s2-q17,1,4,2,17,Copy of Book 1.pdf,160,330,Located in assigned book,5,True,,Crystal systems
Exam 1,b1-c4-s2-q18,1,4,2,18,Copy of Book 1.pdf,161,331,Located in assigned book,3,True,,Crystal systems
Exam 1,b1-c4-s2-q19,1,4,2,19,Copy of Book 1.pdf,161,331,Located in assigned book,3,True,,Crystal systems
Exam 1,b1-c4-s2-q20,1,4,2,20,Copy of Book 1.pdf,161,331,Located in assigned book,2,True,,Bravais lattices
Exam 1,b1-c4-s2-q21,1,4,2,21,Copy of Book 1.pdf,161,331,Located in assigned book,1,True,,Bravais lattices
Exam 1,b1-c4-s2-q22,1,4,2,22,Copy of Book 1.pdf,161,331,Located in assigned book,3,True,,Bravais lattices
Exam 1,b1-c4-s2-q23,1,4,2,23,Copy of Book 1.pdf,162,332,Located in assigned book,4,True,,Bravais lattices
Exam 1,b1-c4-s2-q24,1,4,2,24,Copy of Book 1.pdf,162,332,Located in assigned book,1,True,,Bravais lattices
Exam 1,b1-c4-s2-q25,1,4,2,25,Copy of Book 1.pdf,162,332,Located in assigned book,4,True,,Bravais lattices
Exam 1,b1-c4-s2-q26,1,4,2,26,Copy of Book 1.pdf,162,332,Located in assigned book,5,True,,Bravais lattices
Exam 1,b1-c4-s2-q27,1,4,2,27,Copy of Book 1.pdf,163,333,Located in assigned book,2,True,,Bravais lattices
Exam 1,b1-c4-s2-q28,1,4,2,28,Copy of Book 1.pdf,163,333,Located in assigned book,,False,"No answer is marked on PDF page 333 and the corresponding reading omits the line. Standard notation is explained, but no official key is assumed.",Bravais lattices
Exam 1,b1-c4-s2-q29,1,4,2,29,Copy of Book 1.pdf,163,333,Located in assigned book,4,True,The F symbol is face centering. The wording four-face-centered confuses effective lattice-point count with the six physical faces.,Bravais lattices
Exam 1,b1-c4-s2-q30,1,4,2,30,Copy of Book 1.pdf,163,333,Located in assigned book,2,True,,Bravais lattices
Exam 1,b1-c5-s1-q01,1,5,1,1,Copy of Book 1.pdf,185,355,Located in assigned book,2,True,,Coordinates and directions
Exam 1,b1-c5-s1-q02,1,5,1,2,Copy of Book 1.pdf,185,355,Located in assigned book,1,True,,Direction notation
Exam 1,b1-c5-s1-q03,1,5,1,3,Copy of Book 1.pdf,185,355,Located in assigned book,2,True,,Direction notation
Exam 1,b1-c5-s1-q04,1,5,1,4,Copy of Book 1.pdf,186,356,Located in assigned book,3,True,,Coordinates and directions
Exam 1,b1-c5-s1-q05,1,5,1,5,Copy of Book 1.pdf,186,356,Located in assigned book,4,False,FCC dense directions and turbine-blade growth/service orientations are different concepts. The application statement needs instructor clarification. Excluded from mastery scoring.,Directional applications
Exam 1,b1-c5-s1-q06,1,5,1,6,Copy of Book 1.pdf,186,356,Located in assigned book,2,True,,Directional applications
Exam 1,b1-c5-s1-q07,1,5,1,7,Copy of Book 1.pdf,186,356,Located in assigned book,5,True,,Directional applications
Exam 1,b1-c5-s1-q08,1,5,1,8,Copy of Book 1.pdf,187,357,Located in assigned book,3,True,,Coordinates and directions
Exam 1,b1-c5-s1-q09,1,5,1,9,Copy of Book 1.pdf,187,357,Located in assigned book,2,True,,Coordinates and directions
Exam 1,b1-c5-s1-q10,1,5,1,10,Copy of Book 1.pdf,187,357,Located in assigned book,2,True,,Coordinates and directions
Exam 1,b1-c5-s1-q11,1,5,1,11,Copy of Book 1.pdf,187,357,Located in assigned book,1,True,,Coordinates and directions
Exam 1,b1-c5-s1-q12,1,5,1,12,Copy of Book 1.pdf,188,358,Located in assigned book,1,True,,Coordinates and directions
Exam 1,b1-c5-s1-q13,1,5,1,13,Copy of Book 1.pdf,188,358,Located in assigned book,2,True,,Coordinates and directions
Exam 1,b1-c5-s1-q14,1,5,1,14,Copy of Book 1.pdf,188,358,Located in assigned book,2,True,,Coordinates and directions
Exam 1,b1-c5-s1-q15,1,5,1,15,Copy of Book 1.pdf,188,358,Located in assigned book,3,True,,Coordinates and directions
Exam 1,b1-c5-s1-q16,1,5,1,16,Copy of Book 1.pdf,188,358,Located in assigned book,3,True,,Direction notation
Exam 1,b1-c5-s1-q17,1,5,1,17,Copy of Book 1.pdf,189,359,Located in assigned book,1,True,,Direction notation
Exam 1,b1-c5-s1-q18,1,5,1,18,Copy of Book 1.pdf,189,359,Located in assigned book,5,True,,Coordinates and directions
Exam 1,b1-c5-s1-q19,1,5,1,19,Copy of Book 1.pdf,189,359,Located in assigned book,1,False,Fractional and Cartesian coordinate interpretations lead to different expressions. The source assumes fractional coordinates without stating it clearly. Excluded from mastery scoring.,Coordinates and directions
Exam 1,b1-c5-s1-q20,1,5,1,20,Copy of Book 1.pdf,189,359,Located in assigned book,2,True,,Packing and slip
Exam 1,b1-c5-s1-q21,1,5,1,21,Copy of Book 1.pdf,190,360,Located in assigned book,1,True,,Packing and slip
Exam 1,b1-c5-s1-q22,1,5,1,22,Copy of Book 1.pdf,190,360,Located in assigned book,2,True,,Packing and slip
Exam 1,b1-c5-s1-q23,1,5,1,23,Copy of Book 1.pdf,190,360,Located in assigned book,1,True,,Packing and slip
Exam 1,b1-c5-s1-q24,1,5,1,24,Copy of Book 1.pdf,190,360,Located in assigned book,3,True,,Packing and slip
Exam 1,b1-c5-s1-q25,1,5,1,25,Copy of Book 1.pdf,191,361,Located in assigned book,4,True,,Direction notation
Exam 1,b1-c5-s1-q26,1,5,1,26,Copy of Book 1.pdf,191,361,Located in assigned book,5,True,"A complete cubic family also includes symmetry-allowed sign changes, not just permutations.",Direction notation
Exam 1,b1-c5-s1-q27,1,5,1,27,Copy of Book 1.pdf,191,361,Located in assigned book,1,True,,Direction notation
Exam 1,b1-c5-s1-q28,1,5,1,28,Copy of Book 1.pdf,191,361,Located in assigned book,2,True,,Direction notation
Exam 1,b1-c5-s1-q29,1,5,1,29,Copy of Book 1.pdf,191,361,Located in assigned book,1,True,,Crystal order
Exam 1,b1-c5-s1-q30,1,5,1,30,Copy of Book 1.pdf,192,362,Located in assigned book,5,True,,Packing fraction
Exam 1,b1-c5-s2-q01,1,5,2,1,Copy of Book 1.pdf,193,363,Located in assigned book,4,True,,Crystal order
Exam 1,b1-c5-s2-q02,1,5,2,2,Copy of Book 1.pdf,193,363,Located in assigned book,3,True,,Anisotropy
Exam 1,b1-c5-s2-q03,1,5,2,3,Copy of Book 1.pdf,193,363,Located in assigned book,2,True,,Crystal order
Exam 1,b1-c5-s2-q04,1,5,2,4,Copy of Book 1.pdf,193,363,Located in assigned book,1,True,The statement assumes a single crystal; a randomly oriented polycrystal may be approximately isotropic.,Anisotropy
Exam 1,b1-c5-s2-q05,1,5,2,5,Copy of Book 1.pdf,194,364,Located in assigned book,2,True,,Packing fraction
Exam 1,b1-c5-s2-q06,1,5,2,6,Copy of Book 1.pdf,194,364,Located in assigned book,3,True,,Packing fraction
Exam 1,b1-c5-s2-q07,1,5,2,7,Copy of Book 1.pdf,194,364,Located in assigned book,4,True,,Packing fraction
Exam 1,b1-c5-s2-q08,1,5,2,8,Copy of Book 1.pdf,194,364,Located in assigned book,5,True,,Diffraction
Exam 1,b1-c5-s2-q09,1,5,2,9,Copy of Book 1.pdf,194,364,Located in assigned book,2,True,,Diffraction
Exam 1,b1-c5-s2-q10,1,5,2,10,Copy of Book 1.pdf,195,365,Located in assigned book,1,True,,Packing and slip
Exam 1,b1-c5-s2-q11,1,5,2,11,Copy of Book 1.pdf,195,365,Located in assigned book,2,False,"The source asks for a direction and marks square brackets, but the angle-bracket choice correctly identifies the family. Excluded from mastery scoring.",Packing and slip
Exam 1,b1-c5-s2-q12,1,5,2,12,Copy of Book 1.pdf,195,365,Located in assigned book,2,True,BCC has a densest contact row but is not a close-packed structure overall.,Packing and slip
Exam 1,b1-c5-s2-q13,1,5,2,13,Copy of Book 1.pdf,195,365,Located in assigned book,3,True,,Packing and slip
Exam 1,b1-c5-s2-q14,1,5,2,14,Copy of Book 1.pdf,196,366,Located in assigned book,5,True,,Packing and slip
Exam 1,b1-c5-s2-q15,1,5,2,15,Copy of Book 1.pdf,196,366,Located in assigned book,5,True,,Packing and slip
Exam 1,b1-c5-s2-q16,1,5,2,16,Copy of Book 1.pdf,196,366,Located in assigned book,3,True,,Packing and slip
Exam 1,b1-c5-s2-q17,1,5,2,17,Copy of Book 1.pdf,196,366,Located in assigned book,1,True,,Crystal order
Exam 1,b1-c5-s2-q18,1,5,2,18,Copy of Book 1.pdf,196,366,Located in assigned book,5,True,,Crystal order
Exam 1,b1-c5-s2-q19,1,5,2,19,Copy of Book 1.pdf,197,367,Located in assigned book,2,True,,Crystal order
Exam 1,b1-c5-s2-q20,1,5,2,20,Copy of Book 1.pdf,197,367,Located in assigned book,4,True,,Crystal order
Exam 1,b1-c5-s2-q21,1,5,2,21,Copy of Book 1.pdf,197,367,Located in assigned book,2,True,,Unit-cell geometry
Exam 1,b1-c5-s2-q22,1,5,2,22,Copy of Book 1.pdf,197,367,Located in assigned book,3,True,,Crystal systems
Exam 1,b1-c5-s2-q23,1,5,2,23,Copy of Book 1.pdf,198,368,Located in assigned book,4,True,,Crystal order
Exam 1,b1-c5-s2-q24,1,5,2,24,Copy of Book 1.pdf,198,368,Located in assigned book,1,True,,Diffraction
Exam 1,b1-c5-s2-q25,1,5,2,25,Copy of Book 1.pdf,198,368,Located in assigned book,4,True,,Grains
Exam 1,b1-c5-s2-q26,1,5,2,26,Copy of Book 1.pdf,198,368,Located in assigned book,5,True,,Grains
Exam 1,b1-c5-s2-q27,1,5,2,27,Copy of Book 1.pdf,198,368,Located in assigned book,1,True,,Crystal structures
Exam 1,b1-c5-s2-q28,1,5,2,28,Copy of Book 1.pdf,199,369,Located in assigned book,5,True,,Anisotropy
Exam 1,b1-c5-s2-q29,1,5,2,29,Copy of Book 1.pdf,199,369,Located in assigned book,4,True,,Crystal order
Exam 1,b1-c5-s2-q30,1,5,2,30,Copy of Book 1.pdf,199,369,Located in assigned book,2,True,,Unit-cell geometry
Exam 2,b2-c6-s1-q01,2,6,1,1,Copy of Book 2(1).pdf,127,318,Located in assigned book,4,True,,Miller indices
Exam 2,b2-c6-s1-q02,2,6,1,2,Copy of Book 2(1).pdf,127,318,Located in assigned book,2,True,,Plane notation
Exam 2,b2-c6-s1-q03,2,6,1,3,Copy of Book 2(1).pdf,128,319,Located in assigned book,1,True,,Plane notation
Exam 2,b2-c6-s1-q04,2,6,1,4,Copy of Book 2(1).pdf,128,319,Located in assigned book,1,True,,Miller indices
Exam 2,b2-c6-s1-q05,2,6,1,5,Copy of Book 2(1).pdf,128,319,Located in assigned book,2,True,,Miller indices
Exam 2,b2-c6-s1-q06,2,6,1,6,Copy of Book 2(1).pdf,128,319,Located in assigned book,2,True,,Planar packing
Exam 2,b2-c6-s1-q07,2,6,1,7,Copy of Book 2(1).pdf,128,319,Located in assigned book,2,True,,Planar packing
Exam 2,b2-c6-s1-q08,2,6,1,8,Copy of Book 2(1).pdf,129,320,Located in assigned book,4,True,,Slip systems
Exam 2,b2-c6-s1-q09,2,6,1,9,Copy of Book 2(1).pdf,129,320,Located in assigned book,1,False,The close-packed-plane statement is not universal: BCC metals have no truly close-packed planes. The material scope needs clarification.,Slip systems
Exam 2,b2-c6-s1-q10,2,6,1,10,Copy of Book 2(1).pdf,129,320,Located in assigned book,5,True,,Crystal-growth examples
Exam 2,b2-c6-s1-q11,2,6,1,11,Copy of Book 2(1).pdf,129,320,Located in assigned book,3,True,,Crystal-growth examples
Exam 2,b2-c6-s1-q12,2,6,1,12,Copy of Book 2(1).pdf,130,321,Located in assigned book,4,True,,Miller indices
Exam 2,b2-c6-s1-q13,2,6,1,13,Copy of Book 2(1).pdf,130,321,Located in assigned book,2,True,,Miller indices
Exam 2,b2-c6-s1-q14,2,6,1,14,Copy of Book 2(1).pdf,130,321,Located in assigned book,3,False,Matching direction and plane indices imply a normal direction in cubic crystals; this is not a general result for every lattice.,Miller indices
Exam 2,b2-c6-s1-q15,2,6,1,15,Copy of Book 2(1).pdf,130,321,Located in assigned book,5,True,,Miller indices
Exam 2,b2-c6-s1-q16,2,6,1,16,Copy of Book 2(1).pdf,131,322,Located in assigned book,1,True,,Slip systems
Exam 2,b2-c6-s1-q17,2,6,1,17,Copy of Book 2(1).pdf,131,322,Located in assigned book,1,True,,Crystal-growth examples
Exam 2,b2-c6-s1-q18,2,6,1,18,Copy of Book 2(1).pdf,131,322,Located in assigned book,3,True,,Crystal-growth examples
Exam 2,b2-c6-s1-q19,2,6,1,19,Copy of Book 2(1).pdf,131,322,Located in assigned book,1,True,,Planar packing
Exam 2,b2-c6-s1-q20,2,6,1,20,Copy of Book 2(1).pdf,132,323,Located in assigned book,3,True,,Planar packing
Exam 2,b2-c6-s1-q21,2,6,1,21,Copy of Book 2(1).pdf,132,323,Located in assigned book,1,True,,Plane notation
Exam 2,b2-c6-s1-q22,2,6,1,22,Copy of Book 2(1).pdf,132,323,Located in assigned book,2,True,,Plane notation
Exam 2,b2-c6-s1-q23,2,6,1,23,Copy of Book 2(1).pdf,132,323,Located in assigned book,3,True,,Plane notation
Exam 2,b2-c6-s1-q24,2,6,1,24,Copy of Book 2(1).pdf,133,324,Located in assigned book,4,True,,Plane notation
Exam 2,b2-c6-s1-q25,2,6,1,25,Copy of Book 2(1).pdf,133,324,Located in assigned book,1,True,,Plane notation
Exam 2,b2-c6-s1-q26,2,6,1,26,Copy of Book 2(1).pdf,133,324,Located in assigned book,4,True,,Plane notation
Exam 2,b2-c6-s1-q27,2,6,1,27,Copy of Book 2(1).pdf,133,324,Located in assigned book,3,True,,Plane notation
Exam 2,b2-c6-s1-q28,2,6,1,28,Copy of Book 2(1).pdf,133,324,Located in assigned book,1,True,,Plane notation
Exam 2,b2-c6-s1-q29,2,6,1,29,Copy of Book 2(1).pdf,134,325,Located in assigned book,1,True,,Slip systems
Exam 2,b2-c6-s1-q30,2,6,1,30,Copy of Book 2(1).pdf,134,325,Located in assigned book,2,True,,Slip systems
Exam 2,b2-c6-s2-q01,2,6,2,1,Copy of Book 2(1).pdf,135,326,Located in assigned book,2,True,,Slip systems
Exam 2,b2-c6-s2-q02,2,6,2,2,Copy of Book 2(1).pdf,135,326,Located in assigned book,1,True,,Slip systems
Exam 2,b2-c6-s2-q03,2,6,2,3,Copy of Book 2(1).pdf,135,326,Located in assigned book,2,True,,Slip systems
Exam 2,b2-c6-s2-q04,2,6,2,4,Copy of Book 2(1).pdf,135,326,Located in assigned book,1,True,,Slip systems
Exam 2,b2-c6-s2-q05,2,6,2,5,Copy of Book 2(1).pdf,136,327,Located in assigned book,5,True,,Slip systems
Exam 2,b2-c6-s2-q06,2,6,2,6,Copy of Book 2(1).pdf,136,327,Located in assigned book,3,True,,Slip systems
Exam 2,b2-c6-s2-q07,2,6,2,7,Copy of Book 2(1).pdf,136,327,Located in assigned book,4,True,,Slip systems
Exam 2,b2-c6-s2-q08,2,6,2,8,Copy of Book 2(1).pdf,136,327,Located in assigned book,2,True,,Slip systems
Exam 2,b2-c6-s2-q09,2,6,2,9,Copy of Book 2(1).pdf,136,327,Located in assigned book,2,True,,Slip systems
Exam 2,b2-c6-s2-q10,2,6,2,10,Copy of Book 2(1).pdf,137,328,Located in assigned book,1,False,"The source key counts three <110> directions per {111} plane, but the question says the entire FCC system.",Slip systems
Exam 2,b2-c6-s2-q11,2,6,2,11,Copy of Book 2(1).pdf,137,328,Located in assigned book,2,True,,Slip systems
Exam 2,b2-c6-s2-q12,2,6,2,12,Copy of Book 2(1).pdf,137,328,Located in assigned book,4,True,,Crystal-growth examples
Exam 2,b2-c6-s2-q13,2,6,2,13,Copy of Book 2(1).pdf,137,328,Located in assigned book,4,True,,Miller indices
Exam 2,b2-c6-s2-q14,2,6,2,14,Copy of Book 2(1).pdf,137,328,Located in assigned book,3,True,,Plane notation
Exam 2,b2-c6-s2-q15,2,6,2,15,Copy of Book 2(1).pdf,138,329,Located in assigned book,3,True,,Miller indices
Exam 2,b2-c6-s2-q16,2,6,2,16,Copy of Book 2(1).pdf,138,329,Located in assigned book,2,True,,Miller indices
Exam 2,b2-c6-s2-q17,2,6,2,17,Copy of Book 2(1).pdf,138,329,Located in assigned book,3,True,,Miller indices
Exam 2,b2-c6-s2-q18,2,6,2,18,Copy of Book 2(1).pdf,138,329,Located in assigned book,1,True,,Miller indices
Exam 2,b2-c6-s2-q19,2,6,2,19,Copy of Book 2(1).pdf,139,330,Located in assigned book,1,False,The close-packed-plane statement needs a material qualification; it is not universal for BCC metals.,Slip systems
Exam 2,b2-c6-s2-q20,2,6,2,20,Copy of Book 2(1).pdf,139,330,Located in assigned book,5,True,,Crystal-growth examples
Exam 2,b2-c6-s2-q21,2,6,2,21,Copy of Book 2(1).pdf,139,330,Located in assigned book,3,True,,Crystal-growth examples
Exam 2,b2-c6-s2-q22,2,6,2,22,Copy of Book 2(1).pdf,139,330,Located in assigned book,4,True,,Miller indices
Exam 2,b2-c6-s2-q23,2,6,2,23,Copy of Book 2(1).pdf,140,331,Located in assigned book,2,True,,Miller indices
Exam 2,b2-c6-s2-q24,2,6,2,24,Copy of Book 2(1).pdf,140,331,Located in assigned book,3,False,The perpendicularity claim needs a cubic-lattice qualification.,Miller indices
Exam 2,b2-c6-s2-q25,2,6,2,25,Copy of Book 2(1).pdf,140,331,Located in assigned book,5,True,,Miller indices
Exam 2,b2-c6-s2-q26,2,6,2,26,Copy of Book 2(1).pdf,140,331,Located in assigned book,1,True,,Planar packing
Exam 2,b2-c6-s2-q27,2,6,2,27,Copy of Book 2(1).pdf,141,332,Located in assigned book,5,True,,Plane notation
Exam 2,b2-c6-s2-q28,2,6,2,28,Copy of Book 2(1).pdf,141,332,Located in assigned book,4,True,,Plane notation
Exam 2,b2-c6-s2-q29,2,6,2,29,Copy of Book 2(1).pdf,141,332,Located in assigned book,5,True,,Plane notation
Exam 2,b2-c6-s2-q30,2,6,2,30,Copy of Book 2(1).pdf,141,332,Located in assigned book,1,True,,Slip systems
Exam 2,b2-c7-s1-q01,2,7,1,1,Copy of Book 2(1).pdf,157,349,Located in assigned book,2,True,,Defect dimensions
Exam 2,b2-c7-s1-q02,2,7,1,2,Copy of Book 2(1).pdf,157,349,Located in assigned book,3,True,,Defect dimensions
Exam 2,b2-c7-s1-q03,2,7,1,3,Copy of Book 2(1).pdf,157,349,Located in assigned book,1,True,,Defect dimensions
Exam 2,b2-c7-s1-q04,2,7,1,4,Copy of Book 2(1).pdf,158,350,Located in assigned book,2,True,,Defect dimensions
Exam 2,b2-c7-s1-q05,2,7,1,5,Copy of Book 2(1).pdf,158,350,Located in assigned book,1,True,,Defect dimensions
Exam 2,b2-c7-s1-q06,2,7,1,6,Copy of Book 2(1).pdf,158,350,Located in assigned book,2,True,,Defect dimensions
Exam 2,b2-c7-s1-q07,2,7,1,7,Copy of Book 2(1).pdf,158,350,Located in assigned book,3,True,,Defect dimensions
Exam 2,b2-c7-s1-q08,2,7,1,8,Copy of Book 2(1).pdf,159,351,Located in assigned book,4,True,,Defect dimensions
Exam 2,b2-c7-s1-q09,2,7,1,9,Copy of Book 2(1).pdf,159,351,Located in assigned book,1,True,,Defect dimensions
Exam 2,b2-c7-s1-q10,2,7,1,10,Copy of Book 2(1).pdf,159,351,Located in assigned book,1,True,,Defect dimensions
Exam 2,b2-c7-s1-q11,2,7,1,11,Copy of Book 2(1).pdf,159,351,Located in assigned book,2,True,,Defect dimensions
Exam 2,b2-c7-s1-q12,2,7,1,12,Copy of Book 2(1).pdf,159,351,Located in assigned book,2,True,,Defect dimensions
Exam 2,b2-c7-s1-q13,2,7,1,13,Copy of Book 2(1).pdf,160,352,Located in assigned book,4,True,,Defect dimensions
Exam 2,b2-c7-s1-q14,2,7,1,14,Copy of Book 2(1).pdf,160,352,Located in assigned book,3,True,,Defect dimensions
Exam 2,b2-c7-s1-q15,2,7,1,15,Copy of Book 2(1).pdf,160,352,Located in assigned book,1,True,,Defect dimensions
Exam 2,b2-c7-s1-q16,2,7,1,16,Copy of Book 2(1).pdf,160,352,Located in assigned book,3,True,,Defect dimensions
Exam 2,b2-c7-s1-q17,2,7,1,17,Copy of Book 2(1).pdf,160,353,Located in assigned book,2,True,,Length scales and defect density
Exam 2,b2-c7-s1-q18,2,7,1,18,Copy of Book 2(1).pdf,161,353,Located in assigned book,5,True,,Length scales and defect density
Exam 2,b2-c7-s1-q19,2,7,1,19,Copy of Book 2(1).pdf,161,353,Located in assigned book,5,True,,Length scales and defect density
Exam 2,b2-c7-s1-q20,2,7,1,20,Copy of Book 2(1).pdf,161,353,Located in assigned book,1,True,,Length scales and defect density
Exam 2,b2-c7-s1-q21,2,7,1,21,Copy of Book 2(1).pdf,161,353,Located in assigned book,2,True,,Length scales and defect density
Exam 2,b2-c7-s1-q22,2,7,1,22,Copy of Book 2(1).pdf,162,354,Located in assigned book,2,True,,Length scales and defect density
Exam 2,b2-c7-s1-q23,2,7,1,23,Copy of Book 2(1).pdf,162,354,Located in assigned book,2,True,,Length scales and defect density
Exam 2,b2-c7-s1-q24,2,7,1,24,Copy of Book 2(1).pdf,162,354,Located in assigned book,2,True,,Length scales and defect density
Exam 2,b2-c7-s1-q25,2,7,1,25,Copy of Book 2(1).pdf,162,354,Located in assigned book,5,True,,Length scales and defect density
Exam 2,b2-c7-s1-q26,2,7,1,26,Copy of Book 2(1).pdf,163,355,Located in assigned book,1,True,,Defect dimensions
Exam 2,b2-c7-s1-q27,2,7,1,27,Copy of Book 2(1).pdf,163,355,Located in assigned book,2,True,,Defect dimensions
Exam 2,b2-c7-s1-q28,2,7,1,28,Copy of Book 2(1).pdf,163,355,Located in assigned book,5,True,,Defect dimensions
Exam 2,b2-c7-s1-q29,2,7,1,29,Copy of Book 2(1).pdf,163,355,Located in assigned book,1,True,,Defect dimensions
Exam 2,b2-c7-s1-q30,2,7,1,30,Copy of Book 2(1).pdf,163,355,Located in assigned book,2,True,,Defect dimensions
Exam 2,b2-c7-s2-q01,2,7,2,1,Copy of Book 2(1).pdf,165,357,Located in assigned book,1,True,,Defect dimensions
Exam 2,b2-c7-s2-q02,2,7,2,2,Copy of Book 2(1).pdf,165,357,Located in assigned book,2,True,,Defect dimensions
Exam 2,b2-c7-s2-q03,2,7,2,3,Copy of Book 2(1).pdf,165,357,Located in assigned book,4,True,,Defect dimensions
Exam 2,b2-c7-s2-q04,2,7,2,4,Copy of Book 2(1).pdf,165,357,Located in assigned book,2,True,,Defect dimensions
Exam 2,b2-c7-s2-q05,2,7,2,5,Copy of Book 2(1).pdf,166,358,Located in assigned book,1,True,,Defect dimensions
Exam 2,b2-c7-s2-q06,2,7,2,6,Copy of Book 2(1).pdf,166,358,Located in assigned book,1,True,,Defect dimensions
Exam 2,b2-c7-s2-q07,2,7,2,7,Copy of Book 2(1).pdf,166,358,Located in assigned book,3,True,,Defect dimensions
Exam 2,b2-c7-s2-q08,2,7,2,8,Copy of Book 2(1).pdf,166,358,Located in assigned book,4,True,,Defect dimensions
Exam 2,b2-c7-s2-q09,2,7,2,9,Copy of Book 2(1).pdf,166,358,Located in assigned book,2,True,,Point-defect identity
Exam 2,b2-c7-s2-q10,2,7,2,10,Copy of Book 2(1).pdf,167,359,Located in assigned book,1,True,,Point-defect identity
Exam 2,b2-c7-s2-q11,2,7,2,11,Copy of Book 2(1).pdf,167,359,Located in assigned book,2,True,,Point-defect identity
Exam 2,b2-c7-s2-q12,2,7,2,12,Copy of Book 2(1).pdf,167,359,Located in assigned book,2,True,,Point-defect identity
Exam 2,b2-c7-s2-q13,2,7,2,13,Copy of Book 2(1).pdf,167,359,Located in assigned book,3,True,,Dislocations and boundaries
Exam 2,b2-c7-s2-q14,2,7,2,14,Copy of Book 2(1).pdf,167,359,Located in assigned book,1,True,,Dislocations and boundaries
Exam 2,b2-c7-s2-q15,2,7,2,15,Copy of Book 2(1).pdf,168,360,Located in assigned book,3,True,,Dislocations and boundaries
Exam 2,b2-c7-s2-q16,2,7,2,16,Copy of Book 2(1).pdf,168,360,Located in assigned book,4,True,,Dislocations and boundaries
Exam 2,b2-c7-s2-q17,2,7,2,17,Copy of Book 2(1).pdf,168,360,Located in assigned book,2,False,"The source mixes per-grain counts and density conventions. Defect density requires a defined volume, temperature and processing state; dislocation density is line length per volume. Treat these values as unverified examples.",Length scales and defect density
Exam 2,b2-c7-s2-q18,2,7,2,18,Copy of Book 2(1).pdf,168,360,Located in assigned book,5,False,"The source mixes per-grain counts and density conventions. Defect density requires a defined volume, temperature and processing state; dislocation density is line length per volume. Treat these values as unverified examples.",Length scales and defect density
Exam 2,b2-c7-s2-q19,2,7,2,19,Copy of Book 2(1).pdf,169,361,Located in assigned book,1,True,,Solidification and grains
Exam 2,b2-c7-s2-q20,2,7,2,20,Copy of Book 2(1).pdf,169,361,Located in assigned book,1,True,,Solidification and grains
Exam 2,b2-c7-s2-q21,2,7,2,21,Copy of Book 2(1).pdf,169,361,Located in assigned book,3,True,,Solidification and grains
Exam 2,b2-c7-s2-q22,2,7,2,22,Copy of Book 2(1).pdf,169,361,Located in assigned book,2,False,"The source mixes per-grain counts and density conventions. Defect density requires a defined volume, temperature and processing state; dislocation density is line length per volume. Treat these values as unverified examples.",Length scales and defect density
Exam 2,b2-c7-s2-q23,2,7,2,23,Copy of Book 2(1).pdf,170,362,Located in assigned book,3,False,"The source mixes per-grain counts and density conventions. Defect density requires a defined volume, temperature and processing state; dislocation density is line length per volume. Treat these values as unverified examples.",Length scales and defect density
Exam 2,b2-c7-s2-q24,2,7,2,24,Copy of Book 2(1).pdf,170,362,Located in assigned book,1,False,"The source mixes per-grain counts and density conventions. Defect density requires a defined volume, temperature and processing state; dislocation density is line length per volume. Treat these values as unverified examples.",Length scales and defect density
Exam 2,b2-c7-s2-q25,2,7,2,25,Copy of Book 2(1).pdf,170,362,Located in assigned book,2,True,,Length scales and defect density
Exam 2,b2-c7-s2-q26,2,7,2,26,Copy of Book 2(1).pdf,170,362,Located in assigned book,1,True,,Dislocations and boundaries
Exam 2,b2-c7-s2-q27,2,7,2,27,Copy of Book 2(1).pdf,170,362,Located in assigned book,2,True,,Dislocations and boundaries
Exam 2,b2-c7-s2-q28,2,7,2,28,Copy of Book 2(1).pdf,171,363,Located in assigned book,2,True,,Dislocations and boundaries
Exam 2,b2-c7-s2-q29,2,7,2,29,Copy of Book 2(1).pdf,171,363,Located in assigned book,5,True,,Dislocations and boundaries
Exam 2,b2-c7-s2-q30,2,7,2,30,Copy of Book 2(1).pdf,171,363,Located in assigned book,4,True,,Dislocations and boundaries
Exam 2,b2-c8-s1-q01,2,8,1,1,Copy of Book 2(1).pdf,195,387,Located in assigned book,1,True,,Tensile-test measurements
Exam 2,b2-c8-s1-q02,2,8,1,2,Copy of Book 2(1).pdf,195,387,Located in assigned book,2,True,,"Yield, strength and ductility"
Exam 2,b2-c8-s1-q03,2,8,1,3,Copy of Book 2(1).pdf,196,388,Located in assigned book,3,True,,"Yield, strength and ductility"
Exam 2,b2-c8-s1-q04,2,8,1,4,Copy of Book 2(1).pdf,196,388,Located in assigned book,4,True,,Plasticity and toughness
Exam 2,b2-c8-s1-q05,2,8,1,5,Copy of Book 2(1).pdf,196,388,Located in assigned book,5,True,,Elastic stiffness
Exam 2,b2-c8-s1-q06,2,8,1,6,Copy of Book 2(1).pdf,196,388,Located in assigned book,4,True,,Elastic stiffness
Exam 2,b2-c8-s1-q07,2,8,1,7,Copy of Book 2(1).pdf,197,389,Located in assigned book,3,True,,Plasticity and toughness
Exam 2,b2-c8-s1-q08,2,8,1,8,Copy of Book 2(1).pdf,197,389,Located in assigned book,2,True,,Plasticity and toughness
Exam 2,b2-c8-s1-q09,2,8,1,9,Copy of Book 2(1).pdf,197,389,Located in assigned book,1,True,,Plasticity and toughness
Exam 2,b2-c8-s1-q10,2,8,1,10,Copy of Book 2(1).pdf,197,389,Located in assigned book,1,True,,"Yield, strength and ductility"
Exam 2,b2-c8-s1-q11,2,8,1,11,Copy of Book 2(1).pdf,198,390,Located in assigned book,4,True,,"Yield, strength and ductility"
Exam 2,b2-c8-s1-q12,2,8,1,12,Copy of Book 2(1).pdf,198,390,Located in assigned book,3,True,,Plasticity and toughness
Exam 2,b2-c8-s1-q13,2,8,1,13,Copy of Book 2(1).pdf,198,390,Located in assigned book,3,True,,Mechanical-property examples
Exam 2,b2-c8-s1-q14,2,8,1,14,Copy of Book 2(1).pdf,198,390,Located in assigned book,1,True,,Tensile-test measurements
Exam 2,b2-c8-s1-q15,2,8,1,15,Copy of Book 2(1).pdf,199,391,Located in assigned book,2,True,,Tensile-test measurements
Exam 2,b2-c8-s1-q16,2,8,1,16,Copy of Book 2(1).pdf,199,391,Located in assigned book,1,True,,Mechanical-property examples
Exam 2,b2-c8-s1-q17,2,8,1,17,Copy of Book 2(1).pdf,199,391,Located in assigned book,3,True,,Mechanical-property examples
Exam 2,b2-c8-s1-q18,2,8,1,18,Copy of Book 2(1).pdf,199,391,Located in assigned book,2,True,,Mechanical-property examples
Exam 2,b2-c8-s1-q19,2,8,1,19,Copy of Book 2(1).pdf,200,392,Located in assigned book,4,True,,Mechanical-property examples
Exam 2,b2-c8-s1-q20,2,8,1,20,Copy of Book 2(1).pdf,200,392,Located in assigned book,3,True,,Mechanical-property examples
Exam 2,b2-c8-s1-q21,2,8,1,21,Copy of Book 2(1).pdf,200,392,Located in assigned book,4,True,,Mechanical-property examples
Exam 2,b2-c8-s1-q22,2,8,1,22,Copy of Book 2(1).pdf,200,392,Located in assigned book,1,True,,Mechanical-property examples
Exam 2,b2-c8-s1-q23,2,8,1,23,Copy of Book 2(1).pdf,201,393,Located in assigned book,2,True,,Mechanical-property examples
Exam 2,b2-c8-s1-q24,2,8,1,24,Copy of Book 2(1).pdf,201,393,Located in assigned book,3,True,,Mechanical-property examples
Exam 2,b2-c8-s1-q25,2,8,1,25,Copy of Book 2(1).pdf,201,393,Located in assigned book,2,True,,Mechanical-property examples
Exam 2,b2-c8-s1-q26,2,8,1,26,Copy of Book 2(1).pdf,201,393,Located in assigned book,2,True,,Tensile-test measurements
Exam 2,b2-c8-s1-q27,2,8,1,27,Copy of Book 2(1).pdf,201,393,Located in assigned book,3,True,,Tensile-test measurements
Exam 2,b2-c8-s1-q28,2,8,1,28,Copy of Book 2(1).pdf,202,394,Located in assigned book,4,True,,Tensile-test measurements
Exam 2,b2-c8-s1-q29,2,8,1,29,Copy of Book 2(1).pdf,202,394,Located in assigned book,2,True,,Tensile-test measurements
Exam 2,b2-c8-s1-q30,2,8,1,30,Copy of Book 2(1).pdf,202,394,Located in assigned book,1,True,,Tensile-test measurements
Exam 2,b2-c8-s2-q01,2,8,2,1,Copy of Book 2(1).pdf,203,395,Located in assigned book,2,True,,Elastic stiffness
Exam 2,b2-c8-s2-q02,2,8,2,2,Copy of Book 2(1).pdf,203,395,Located in assigned book,3,True,,Elastic stiffness
Exam 2,b2-c8-s2-q03,2,8,2,3,Copy of Book 2(1).pdf,203,395,Located in assigned book,4,True,,"Yield, strength and ductility"
Exam 2,b2-c8-s2-q04,2,8,2,4,Copy of Book 2(1).pdf,203,395,Located in assigned book,1,True,,"Yield, strength and ductility"
Exam 2,b2-c8-s2-q05,2,8,2,5,Copy of Book 2(1).pdf,204,396,Located in assigned book,2,True,,"Yield, strength and ductility"
Exam 2,b2-c8-s2-q06,2,8,2,6,Copy of Book 2(1).pdf,204,396,Located in assigned book,3,True,,"Yield, strength and ductility"
Exam 2,b2-c8-s2-q07,2,8,2,7,Copy of Book 2(1).pdf,204,396,Located in assigned book,3,True,,"Yield, strength and ductility"
Exam 2,b2-c8-s2-q08,2,8,2,8,Copy of Book 2(1).pdf,204,396,Located in assigned book,2,True,,"Yield, strength and ductility"
Exam 2,b2-c8-s2-q09,2,8,2,9,Copy of Book 2(1).pdf,205,397,Located in assigned book,1,True,,"Yield, strength and ductility"
Exam 2,b2-c8-s2-q10,2,8,2,10,Copy of Book 2(1).pdf,205,397,Located in assigned book,1,True,,"Yield, strength and ductility"
Exam 2,b2-c8-s2-q11,2,8,2,11,Copy of Book 2(1).pdf,205,397,Located in assigned book,3,True,,"Yield, strength and ductility"
Exam 2,b2-c8-s2-q12,2,8,2,12,Copy of Book 2(1).pdf,205,397,Located in assigned book,2,True,,Tensile-test measurements
Exam 2,b2-c8-s2-q13,2,8,2,13,Copy of Book 2(1).pdf,206,398,Located in assigned book,1,True,,"Yield, strength and ductility"
Exam 2,b2-c8-s2-q14,2,8,2,14,Copy of Book 2(1).pdf,206,398,Located in assigned book,3,True,,Elastic stiffness
Exam 2,b2-c8-s2-q15,2,8,2,15,Copy of Book 2(1).pdf,206,398,Located in assigned book,2,True,,Elastic stiffness
Exam 2,b2-c8-s2-q16,2,8,2,16,Copy of Book 2(1).pdf,206,398,Located in assigned book,3,True,,Elastic stiffness
Exam 2,b2-c8-s2-q17,2,8,2,17,Copy of Book 2(1).pdf,207,399,Located in assigned book,1,False,"Elasticity means reversible deformation; linearity is an additional assumption, not a universal definition.",Elastic stiffness
Exam 2,b2-c8-s2-q18,2,8,2,18,Copy of Book 2(1).pdf,207,399,Located in assigned book,2,True,,Elastic stiffness
Exam 2,b2-c8-s2-q19,2,8,2,19,Copy of Book 2(1).pdf,207,399,Located in assigned book,3,True,,Elastic stiffness
Exam 2,b2-c8-s2-q20,2,8,2,20,Copy of Book 2(1).pdf,207,399,Located in assigned book,2,False,A universal modulus ordering between every ceramic and every metal is not established without naming the materials.,Mechanical-property examples
Exam 2,b2-c8-s2-q21,2,8,2,21,Copy of Book 2(1).pdf,207,399,Located in assigned book,3,True,,Mechanical-property examples
Exam 2,b2-c8-s2-q22,2,8,2,22,Copy of Book 2(1).pdf,208,400,Located in assigned book,3,True,,Mechanical-property examples
Exam 2,b2-c8-s2-q23,2,8,2,23,Copy of Book 2(1).pdf,208,400,Located in assigned book,2,True,,Mechanical-property examples
Exam 2,b2-c8-s2-q24,2,8,2,24,Copy of Book 2(1).pdf,208,400,Located in assigned book,3,True,,Mechanical-property examples
Exam 2,b2-c8-s2-q25,2,8,2,25,Copy of Book 2(1).pdf,208,400,Located in assigned book,1,True,,Mechanical-property examples
Exam 2,b2-c8-s2-q26,2,8,2,26,Copy of Book 2(1).pdf,208,400,Located in assigned book,1,True,,Mechanical-property examples
Exam 2,b2-c8-s2-q27,2,8,2,27,Copy of Book 2(1).pdf,209,401,Located in assigned book,3,True,,"Yield, strength and ductility"
Exam 2,b2-c8-s2-q28,2,8,2,28,Copy of Book 2(1).pdf,209,401,Located in assigned book,4,True,,Plasticity and toughness
Exam 2,b2-c8-s2-q29,2,8,2,29,Copy of Book 2(1).pdf,209,401,Located in assigned book,1,True,,Mechanical-property examples
Exam 2,b2-c8-s2-q30,2,8,2,30,Copy of Book 2(1).pdf,209,401,Located in assigned book,2,False,The stated steel modulus conflicts with the 210 GPa steel example earlier in the same chapter. Ask the instructor which value is intended.,Mechanical-property examples
Exam 2,b2-c9-s1-q01,2,9,1,1,Copy of Book 2(1).pdf,235,427,Located in assigned book,4,True,,Failure mechanisms
Exam 2,b2-c9-s1-q02,2,9,1,2,Copy of Book 2(1).pdf,235,427,Located in assigned book,2,True,,Failure mechanisms
Exam 2,b2-c9-s1-q03,2,9,1,3,Copy of Book 2(1).pdf,236,428,Located in assigned book,2,True,,Failure mechanisms
Exam 2,b2-c9-s1-q04,2,9,1,4,Copy of Book 2(1).pdf,236,428,Located in assigned book,3,True,,Failure mechanisms
Exam 2,b2-c9-s1-q05,2,9,1,5,Copy of Book 2(1).pdf,236,428,Located in assigned book,4,True,,Failure mechanisms
Exam 2,b2-c9-s1-q06,2,9,1,6,Copy of Book 2(1).pdf,236,428,Located in assigned book,3,True,,Failure mechanisms
Exam 2,b2-c9-s1-q07,2,9,1,7,Copy of Book 2(1).pdf,237,429,Located in assigned book,1,True,,Failure mechanisms
Exam 2,b2-c9-s1-q08,2,9,1,8,Copy of Book 2(1).pdf,237,429,Located in assigned book,2,True,,Failure mechanisms
Exam 2,b2-c9-s1-q09,2,9,1,9,Copy of Book 2(1).pdf,237,429,Located in assigned book,3,True,,Ductile and brittle fracture
Exam 2,b2-c9-s1-q10,2,9,1,10,Copy of Book 2(1).pdf,237,429,Located in assigned book,4,True,,Ductile and brittle fracture
Exam 2,b2-c9-s1-q11,2,9,1,11,Copy of Book 2(1).pdf,238,430,Located in assigned book,3,True,,Ductile and brittle fracture
Exam 2,b2-c9-s1-q12,2,9,1,12,Copy of Book 2(1).pdf,238,430,Located in assigned book,2,True,,Ductile and brittle fracture
Exam 2,b2-c9-s1-q13,2,9,1,13,Copy of Book 2(1).pdf,238,430,Located in assigned book,2,True,,Ductile and brittle fracture
Exam 2,b2-c9-s1-q14,2,9,1,14,Copy of Book 2(1).pdf,238,430,Located in assigned book,2,True,,Ductile and brittle fracture
Exam 2,b2-c9-s1-q15,2,9,1,15,Copy of Book 2(1).pdf,238,431,Located in assigned book,3,True,,Ductile and brittle fracture
Exam 2,b2-c9-s1-q16,2,9,1,16,Copy of Book 2(1).pdf,239,431,Located in assigned book,4,True,,Ductile and brittle fracture
Exam 2,b2-c9-s1-q17,2,9,1,17,Copy of Book 2(1).pdf,239,431,Located in assigned book,2,True,,Ductile and brittle fracture
Exam 2,b2-c9-s1-q18,2,9,1,18,Copy of Book 2(1).pdf,239,431,Located in assigned book,3,True,,Ductile and brittle fracture
Exam 2,b2-c9-s1-q19,2,9,1,19,Copy of Book 2(1).pdf,239,431,Located in assigned book,4,True,,Ductile and brittle fracture
Exam 2,b2-c9-s1-q20,2,9,1,20,Copy of Book 2(1).pdf,240,432,Located in assigned book,1,True,,Ductile and brittle fracture
Exam 2,b2-c9-s1-q21,2,9,1,21,Copy of Book 2(1).pdf,240,432,Located in assigned book,3,True,,Ductile and brittle fracture
Exam 2,b2-c9-s1-q22,2,9,1,22,Copy of Book 2(1).pdf,240,432,Located in assigned book,2,True,,Ductile and brittle fracture
Exam 2,b2-c9-s1-q23,2,9,1,23,Copy of Book 2(1).pdf,240,433,Located in assigned book,4,True,,Ductile and brittle fracture
Exam 2,b2-c9-s1-q24,2,9,1,24,Copy of Book 2(1).pdf,241,433,Located in assigned book,1,True,,Ductile and brittle fracture
Exam 2,b2-c9-s1-q25,2,9,1,25,Copy of Book 2(1).pdf,241,433,Located in assigned book,3,True,,Ductile and brittle fracture
Exam 2,b2-c9-s1-q26,2,9,1,26,Copy of Book 2(1).pdf,241,433,Located in assigned book,2,True,,Ductile and brittle fracture
Exam 2,b2-c9-s1-q27,2,9,1,27,Copy of Book 2(1).pdf,241,433,Located in assigned book,3,True,,Ductile and brittle fracture
Exam 2,b2-c9-s1-q28,2,9,1,28,Copy of Book 2(1).pdf,242,434,Located in assigned book,2,True,,Crack concentration and toughness
Exam 2,b2-c9-s1-q29,2,9,1,29,Copy of Book 2(1).pdf,242,434,Located in assigned book,4,True,,Crack concentration and toughness
Exam 2,b2-c9-s1-q30,2,9,1,30,Copy of Book 2(1).pdf,242,434,Located in assigned book,2,True,,Crack concentration and toughness
Exam 2,b2-c9-s2-q01,2,9,2,1,Copy of Book 2(1).pdf,243,435,Located in assigned book,4,True,,Crack concentration and toughness
Exam 2,b2-c9-s2-q02,2,9,2,2,Copy of Book 2(1).pdf,243,435,Located in assigned book,2,True,,Crack concentration and toughness
Exam 2,b2-c9-s2-q03,2,9,2,3,Copy of Book 2(1).pdf,243,435,Located in assigned book,1,True,,Crack concentration and toughness
Exam 2,b2-c9-s2-q04,2,9,2,4,Copy of Book 2(1).pdf,243,435,Located in assigned book,2,True,,Crack concentration and toughness
Exam 2,b2-c9-s2-q05,2,9,2,5,Copy of Book 2(1).pdf,244,436,Located in assigned book,2,True,,Crack concentration and toughness
Exam 2,b2-c9-s2-q06,2,9,2,6,Copy of Book 2(1).pdf,244,436,Located in assigned book,2,False,This question refers to a specific stress-concentration graph that is not included with the prompt. The graph and interpretation of its safety region need instructor confirmation.,Crack concentration and toughness
Exam 2,b2-c9-s2-q07,2,9,2,7,Copy of Book 2(1).pdf,244,436,Located in assigned book,2,True,,Crack concentration and toughness
Exam 2,b2-c9-s2-q08,2,9,2,8,Copy of Book 2(1).pdf,245,437,Located in assigned book,3,True,,Crack concentration and toughness
Exam 2,b2-c9-s2-q09,2,9,2,9,Copy of Book 2(1).pdf,245,437,Located in assigned book,2,True,,Crack concentration and toughness
Exam 2,b2-c9-s2-q10,2,9,2,10,Copy of Book 2(1).pdf,245,437,Located in assigned book,,False,No single answer mark is available in the source: multiple choices are bold. The item is recorded but ungraded.,Crack concentration and toughness
Exam 2,b2-c9-s2-q11,2,9,2,11,Copy of Book 2(1).pdf,245,437,Located in assigned book,1,True,,Crack concentration and toughness
Exam 2,b2-c9-s2-q12,2,9,2,12,Copy of Book 2(1).pdf,246,438,Located in assigned book,4,True,,Crack concentration and toughness
Exam 2,b2-c9-s2-q13,2,9,2,13,Copy of Book 2(1).pdf,246,438,Located in assigned book,1,True,,Fracture modes and impact tests
Exam 2,b2-c9-s2-q14,2,9,2,14,Copy of Book 2(1).pdf,246,438,Located in assigned book,3,True,,Fracture modes and impact tests
Exam 2,b2-c9-s2-q15,2,9,2,15,Copy of Book 2(1).pdf,246,438,Located in assigned book,1,True,,Fracture modes and impact tests
Exam 2,b2-c9-s2-q16,2,9,2,16,Copy of Book 2(1).pdf,247,439,Located in assigned book,1,True,,Fracture modes and impact tests
Exam 2,b2-c9-s2-q17,2,9,2,17,Copy of Book 2(1).pdf,247,439,Located in assigned book,2,True,,Fracture modes and impact tests
Exam 2,b2-c9-s2-q18,2,9,2,18,Copy of Book 2(1).pdf,247,439,Located in assigned book,3,True,,Fracture modes and impact tests
Exam 2,b2-c9-s2-q19,2,9,2,19,Copy of Book 2(1).pdf,247,439,Located in assigned book,2,True,,Fracture modes and impact tests
Exam 2,b2-c9-s2-q20,2,9,2,20,Copy of Book 2(1).pdf,247,439,Located in assigned book,3,True,,Fracture modes and impact tests
Exam 2,b2-c9-s2-q21,2,9,2,21,Copy of Book 2(1).pdf,248,440,Located in assigned book,3,True,,Fracture modes and impact tests
Exam 2,b2-c9-s2-q22,2,9,2,22,Copy of Book 2(1).pdf,248,440,Located in assigned book,3,True,,Fracture modes and impact tests
Exam 2,b2-c9-s2-q23,2,9,2,23,Copy of Book 2(1).pdf,248,440,Located in assigned book,3,True,,Fracture modes and impact tests
Exam 2,b2-c9-s2-q24,2,9,2,24,Copy of Book 2(1).pdf,248,440,Located in assigned book,1,True,,Fracture modes and impact tests
Exam 2,b2-c9-s2-q25,2,9,2,25,Copy of Book 2(1).pdf,248,440,Located in assigned book,2,True,,Fracture modes and impact tests
Exam 2,b2-c9-s2-q26,2,9,2,26,Copy of Book 2(1).pdf,249,441,Located in assigned book,4,True,,Fracture modes and impact tests
Exam 2,b2-c9-s2-q27,2,9,2,27,Copy of Book 2(1).pdf,249,441,Located in assigned book,2,True,,Fracture modes and impact tests
Exam 2,b2-c9-s2-q28,2,9,2,28,Copy of Book 2(1).pdf,249,441,Located in assigned book,1,True,,Fracture modes and impact tests
Exam 2,b2-c9-s2-q29,2,9,2,29,Copy of Book 2(1).pdf,249,441,Located in assigned book,2,True,,Fracture modes and impact tests
Exam 2,b2-c9-s2-q30,2,9,2,30,Copy of Book 2(1).pdf,250,442,Located in assigned book,2,True,,Fracture modes and impact tests
Exam 3,b3-c11-s1-q01,3,11,1,1,Copy of Book 3.pdf,120,300,Located in assigned book,2,True,,Strengthening mechanisms
Exam 3,b3-c11-s1-q02,3,11,1,2,Copy of Book 3.pdf,120,300,Located in assigned book,1,True,,Strengthening mechanisms
Exam 3,b3-c11-s1-q03,3,11,1,3,Copy of Book 3.pdf,121,301,Located in assigned book,3,True,,Strengthening mechanisms
Exam 3,b3-c11-s1-q04,3,11,1,4,Copy of Book 3.pdf,121,301,Located in assigned book,4,True,,Annealing and hot working
Exam 3,b3-c11-s1-q05,3,11,1,5,Copy of Book 3.pdf,121,301,Located in assigned book,3,True,,Annealing and hot working
Exam 3,b3-c11-s1-q06,3,11,1,6,Copy of Book 3.pdf,121,301,Located in assigned book,1,True,,Annealing and hot working
Exam 3,b3-c11-s1-q07,3,11,1,7,Copy of Book 3.pdf,121,301,Located in assigned book,3,True,,Metal-forming processes
Exam 3,b3-c11-s1-q08,3,11,1,8,Copy of Book 3.pdf,122,302,Located in assigned book,2,True,,Metal-forming processes
Exam 3,b3-c11-s1-q09,3,11,1,9,Copy of Book 3.pdf,122,302,Located in assigned book,1,True,,Metal-forming processes
Exam 3,b3-c11-s1-q10,3,11,1,10,Copy of Book 3.pdf,122,302,Located in assigned book,4,True,,Metal-forming processes
Exam 3,b3-c11-s1-q11,3,11,1,11,Copy of Book 3.pdf,122,302,Located in assigned book,3,True,,Metal-forming processes
Exam 3,b3-c11-s1-q12,3,11,1,12,Copy of Book 3.pdf,122,303,Located in assigned book,2,True,,Metal-forming processes
Exam 3,b3-c11-s1-q13,3,11,1,13,Copy of Book 3.pdf,123,303,Located in assigned book,1,True,,Metal-forming processes
Exam 3,b3-c11-s1-q14,3,11,1,14,Copy of Book 3.pdf,123,303,Located in assigned book,2,True,,Strengthening mechanisms
Exam 3,b3-c11-s1-q15,3,11,1,15,Copy of Book 3.pdf,123,303,Located in assigned book,3,True,,Strengthening mechanisms
Exam 3,b3-c11-s1-q16,3,11,1,16,Copy of Book 3.pdf,123,303,Located in assigned book,2,True,,Strengthening mechanisms
Exam 3,b3-c11-s1-q17,3,11,1,17,Copy of Book 3.pdf,124,304,Located in assigned book,3,True,,Strengthening mechanisms
Exam 3,b3-c11-s1-q18,3,11,1,18,Copy of Book 3.pdf,124,304,Located in assigned book,4,True,,Annealing and hot working
Exam 3,b3-c11-s1-q19,3,11,1,19,Copy of Book 3.pdf,124,304,Located in assigned book,3,True,,Strengthening mechanisms
Exam 3,b3-c11-s1-q20,3,11,1,20,Copy of Book 3.pdf,124,304,Located in assigned book,2,True,,Strengthening mechanisms
Exam 3,b3-c11-s1-q21,3,11,1,21,Copy of Book 3.pdf,125,305,Located in assigned book,3,True,,Strengthening mechanisms
Exam 3,b3-c11-s1-q22,3,11,1,22,Copy of Book 3.pdf,125,305,Located in assigned book,3,True,,Strengthening mechanisms
Exam 3,b3-c11-s1-q23,3,11,1,23,Copy of Book 3.pdf,125,305,Located in assigned book,4,True,,Strengthening mechanisms
Exam 3,b3-c11-s1-q24,3,11,1,24,Copy of Book 3.pdf,125,305,Located in assigned book,4,True,,Strengthening mechanisms
Exam 3,b3-c11-s1-q25,3,11,1,25,Copy of Book 3.pdf,125,305,Located in assigned book,1,True,,Strengthening mechanisms
Exam 3,b3-c11-s1-q26,3,11,1,26,Copy of Book 3.pdf,126,306,Located in assigned book,1,True,,Strengthening mechanisms
Exam 3,b3-c11-s1-q27,3,11,1,27,Copy of Book 3.pdf,126,306,Located in assigned book,1,True,,Strengthening mechanisms
Exam 3,b3-c11-s1-q28,3,11,1,28,Copy of Book 3.pdf,126,306,Located in assigned book,2,True,,Strengthening mechanisms
Exam 3,b3-c11-s1-q29,3,11,1,29,Copy of Book 3.pdf,126,306,Located in assigned book,2,True,,Strengthening mechanisms
Exam 3,b3-c11-s1-q30,3,11,1,30,Copy of Book 3.pdf,127,307,Located in assigned book,1,True,,Strengthening mechanisms
Exam 3,b3-c11-s2-q01,3,11,2,1,Copy of Book 3.pdf,128,308,Located in assigned book,1,True,,Hall–Petch relation
Exam 3,b3-c11-s2-q02,3,11,2,2,Copy of Book 3.pdf,128,308,Located in assigned book,3,True,,Hall–Petch relation
Exam 3,b3-c11-s2-q03,3,11,2,3,Copy of Book 3.pdf,128,308,Located in assigned book,2,True,,Hall–Petch relation
Exam 3,b3-c11-s2-q04,3,11,2,4,Copy of Book 3.pdf,128,308,Located in assigned book,4,True,,Hall–Petch relation
Exam 3,b3-c11-s2-q05,3,11,2,5,Copy of Book 3.pdf,129,309,Located in assigned book,2,True,,Hall–Petch relation
Exam 3,b3-c11-s2-q06,3,11,2,6,Copy of Book 3.pdf,129,309,Located in assigned book,2,True,,Hall–Petch relation
Exam 3,b3-c11-s2-q07,3,11,2,7,Copy of Book 3.pdf,129,309,Located in assigned book,2,True,,Strengthening mechanisms
Exam 3,b3-c11-s2-q08,3,11,2,8,Copy of Book 3.pdf,129,309,Located in assigned book,1,True,,Annealing and hot working
Exam 3,b3-c11-s2-q09,3,11,2,9,Copy of Book 3.pdf,129,309,Located in assigned book,1,True,,Annealing and hot working
Exam 3,b3-c11-s2-q10,3,11,2,10,Copy of Book 3.pdf,130,310,Located in assigned book,2,True,,Annealing and hot working
Exam 3,b3-c11-s2-q11,3,11,2,11,Copy of Book 3.pdf,130,310,Located in assigned book,2,True,,Annealing and hot working
Exam 3,b3-c11-s2-q12,3,11,2,12,Copy of Book 3.pdf,130,310,Located in assigned book,4,True,,Annealing and hot working
Exam 3,b3-c11-s2-q13,3,11,2,13,Copy of Book 3.pdf,130,310,Located in assigned book,1,True,,Annealing and hot working
Exam 3,b3-c11-s2-q14,3,11,2,14,Copy of Book 3.pdf,130,310,Located in assigned book,2,True,,Annealing and hot working
Exam 3,b3-c11-s2-q15,3,11,2,15,Copy of Book 3.pdf,131,311,Located in assigned book,3,True,,Annealing and hot working
Exam 3,b3-c11-s2-q16,3,11,2,16,Copy of Book 3.pdf,131,311,Located in assigned book,3,True,,Annealing and hot working
Exam 3,b3-c11-s2-q17,3,11,2,17,Copy of Book 3.pdf,131,311,Located in assigned book,2,True,,Annealing and hot working
Exam 3,b3-c11-s2-q18,3,11,2,18,Copy of Book 3.pdf,131,311,Located in assigned book,1,True,,Annealing and hot working
Exam 3,b3-c11-s2-q19,3,11,2,19,Copy of Book 3.pdf,132,312,Located in assigned book,4,True,,Annealing and hot working
Exam 3,b3-c11-s2-q20,3,11,2,20,Copy of Book 3.pdf,132,312,Located in assigned book,2,True,,Annealing and hot working
Exam 3,b3-c11-s2-q21,3,11,2,21,Copy of Book 3.pdf,132,312,Located in assigned book,1,True,,Annealing and hot working
Exam 3,b3-c11-s2-q22,3,11,2,22,Copy of Book 3.pdf,132,312,Located in assigned book,3,True,,Annealing and hot working
Exam 3,b3-c11-s2-q23,3,11,2,23,Copy of Book 3.pdf,133,313,Located in assigned book,1,True,,Annealing and hot working
Exam 3,b3-c11-s2-q24,3,11,2,24,Copy of Book 3.pdf,133,313,Located in assigned book,4,True,,Annealing and hot working
Exam 3,b3-c11-s2-q25,3,11,2,25,Copy of Book 3.pdf,133,313,Located in assigned book,1,True,,Annealing and hot working
Exam 3,b3-c11-s2-q26,3,11,2,26,Copy of Book 3.pdf,133,313,Located in assigned book,1,True,,Annealing and hot working
Exam 3,b3-c11-s2-q27,3,11,2,27,Copy of Book 3.pdf,133,313,Located in assigned book,4,True,,Annealing and hot working
Exam 3,b3-c11-s2-q28,3,11,2,28,Copy of Book 3.pdf,134,314,Located in assigned book,1,True,,Annealing and hot working
Exam 3,b3-c11-s2-q29,3,11,2,29,Copy of Book 3.pdf,134,314,Located in assigned book,4,True,,Annealing and hot working
Exam 3,b3-c11-s2-q30,3,11,2,30,Copy of Book 3.pdf,134,314,Located in assigned book,1,True,,Annealing and hot working
Exam 3,b3-c12-s1-q01,3,12,1,1,Copy of Book 3.pdf,155,335,Located in assigned book,1,True,,Solubility and saturation
Exam 3,b3-c12-s1-q02,3,12,1,2,Copy of Book 3.pdf,155,335,Located in assigned book,2,True,,Solubility and saturation
Exam 3,b3-c12-s1-q03,3,12,1,3,Copy of Book 3.pdf,156,336,Located in assigned book,2,True,,Reading phase diagrams
Exam 3,b3-c12-s1-q04,3,12,1,4,Copy of Book 3.pdf,156,336,Located in assigned book,4,True,,Reading phase diagrams
Exam 3,b3-c12-s1-q05,3,12,1,5,Copy of Book 3.pdf,156,336,Located in assigned book,5,True,,Reading phase diagrams
Exam 3,b3-c12-s1-q06,3,12,1,6,Copy of Book 3.pdf,156,336,Located in assigned book,1,True,,Reading phase diagrams
Exam 3,b3-c12-s1-q07,3,12,1,7,Copy of Book 3.pdf,156,336,Located in assigned book,2,True,,Eutectic microstructures
Exam 3,b3-c12-s1-q08,3,12,1,8,Copy of Book 3.pdf,157,337,Located in assigned book,1,True,,Eutectic microstructures
Exam 3,b3-c12-s1-q09,3,12,1,9,Copy of Book 3.pdf,157,337,Located in assigned book,2,False,The marked lead crystal structure needs verification; the item is excluded pending instructor clarification.,Phase names and compounds
Exam 3,b3-c12-s1-q10,3,12,1,10,Copy of Book 3.pdf,157,337,Located in assigned book,3,True,,Phase names and compounds
Exam 3,b3-c12-s1-q11,3,12,1,11,Copy of Book 3.pdf,157,337,Located in assigned book,1,True,,Phase names and compounds
Exam 3,b3-c12-s1-q12,3,12,1,12,Copy of Book 3.pdf,158,338,Located in assigned book,3,True,,Phase names and compounds
Exam 3,b3-c12-s1-q13,3,12,1,13,Copy of Book 3.pdf,158,338,Located in assigned book,2,True,,Eutectic microstructures
Exam 3,b3-c12-s1-q14,3,12,1,14,Copy of Book 3.pdf,158,338,Located in assigned book,4,True,,Reading phase diagrams
Exam 3,b3-c12-s1-q15,3,12,1,15,Copy of Book 3.pdf,158,338,Located in assigned book,2,True,,Reading phase diagrams
Exam 3,b3-c12-s1-q16,3,12,1,16,Copy of Book 3.pdf,158,338,Located in assigned book,1,True,,Phase names and compounds
Exam 3,b3-c12-s1-q17,3,12,1,17,Copy of Book 3.pdf,159,339,Located in assigned book,3,True,,Phase names and compounds
Exam 3,b3-c12-s1-q18,3,12,1,18,Copy of Book 3.pdf,159,339,Located in assigned book,4,True,,Phase names and compounds
Exam 3,b3-c12-s1-q19,3,12,1,19,Copy of Book 3.pdf,159,339,Located in assigned book,4,True,,Eutectic microstructures
Exam 3,b3-c12-s1-q20,3,12,1,20,Copy of Book 3.pdf,159,339,Located in assigned book,4,True,,Eutectic microstructures
Exam 3,b3-c12-s1-q21,3,12,1,21,Copy of Book 3.pdf,160,340,Located in assigned book,4,True,,Eutectic microstructures
Exam 3,b3-c12-s1-q22,3,12,1,22,Copy of Book 3.pdf,160,340,Located in assigned book,2,True,,Solubility and saturation
Exam 3,b3-c12-s1-q23,3,12,1,23,Copy of Book 3.pdf,160,340,Located in assigned book,3,True,,Solubility and saturation
Exam 3,b3-c12-s1-q24,3,12,1,24,Copy of Book 3.pdf,160,340,Located in assigned book,2,True,,Solubility and saturation
Exam 3,b3-c12-s1-q25,3,12,1,25,Copy of Book 3.pdf,161,341,Located in assigned book,3,True,,Solubility and saturation
Exam 3,b3-c12-s1-q26,3,12,1,26,Copy of Book 3.pdf,161,341,Located in assigned book,3,True,,Solubility and saturation
Exam 3,b3-c12-s1-q27,3,12,1,27,Copy of Book 3.pdf,161,341,Located in assigned book,4,True,,Solubility and saturation
Exam 3,b3-c12-s1-q28,3,12,1,28,Copy of Book 3.pdf,161,341,Located in assigned book,2,True,,Solubility and saturation
Exam 3,b3-c12-s1-q29,3,12,1,29,Copy of Book 3.pdf,161,341,Located in assigned book,3,True,,Solubility and saturation
Exam 3,b3-c12-s1-q30,3,12,1,30,Copy of Book 3.pdf,162,342,Located in assigned book,4,True,,Solubility and saturation
Exam 3,b3-c12-s2-q01,3,12,2,1,Copy of Book 3.pdf,163,343,Located in assigned book,3,True,,Solubility and saturation
Exam 3,b3-c12-s2-q02,3,12,2,2,Copy of Book 3.pdf,163,343,Located in assigned book,3,True,,Solubility and saturation
Exam 3,b3-c12-s2-q03,3,12,2,3,Copy of Book 3.pdf,163,343,Located in assigned book,2,True,,Solubility and saturation
Exam 3,b3-c12-s2-q04,3,12,2,4,Copy of Book 3.pdf,163,343,Located in assigned book,5,True,,Eutectic microstructures
Exam 3,b3-c12-s2-q05,3,12,2,5,Copy of Book 3.pdf,164,344,Located in assigned book,4,True,,Eutectic microstructures
Exam 3,b3-c12-s2-q06,3,12,2,6,Copy of Book 3.pdf,164,344,Located in assigned book,2,True,,Eutectic microstructures
Exam 3,b3-c12-s2-q07,3,12,2,7,Copy of Book 3.pdf,164,344,Located in assigned book,5,True,,Eutectic microstructures
Exam 3,b3-c12-s2-q08,3,12,2,8,Copy of Book 3.pdf,164,344,Located in assigned book,2,True,,Eutectic microstructures
Exam 3,b3-c12-s2-q09,3,12,2,9,Copy of Book 3.pdf,165,345,Located in assigned book,2,True,,Eutectic microstructures
Exam 3,b3-c12-s2-q10,3,12,2,10,Copy of Book 3.pdf,165,345,Located in assigned book,2,True,,Eutectic microstructures
Exam 3,b3-c12-s2-q11,3,12,2,11,Copy of Book 3.pdf,165,345,Located in assigned book,3,True,,Eutectic microstructures
Exam 3,b3-c12-s2-q12,3,12,2,12,Copy of Book 3.pdf,165,345,Located in assigned book,2,True,,Eutectic microstructures
Exam 3,b3-c12-s2-q13,3,12,2,13,Copy of Book 3.pdf,166,346,Located in assigned book,2,True,,Eutectic microstructures
Exam 3,b3-c12-s2-q14,3,12,2,14,Copy of Book 3.pdf,166,346,Located in assigned book,2,True,,Eutectic microstructures
Exam 3,b3-c12-s2-q15,3,12,2,15,Copy of Book 3.pdf,166,346,Located in assigned book,3,True,,Eutectic microstructures
Exam 3,b3-c12-s2-q16,3,12,2,16,Copy of Book 3.pdf,166,346,Located in assigned book,4,True,,Eutectic microstructures
Exam 3,b3-c12-s2-q17,3,12,2,17,Copy of Book 3.pdf,167,347,Located in assigned book,3,True,,Eutectic microstructures
Exam 3,b3-c12-s2-q18,3,12,2,18,Copy of Book 3.pdf,167,347,Located in assigned book,3,True,,Eutectic microstructures
Exam 3,b3-c12-s2-q19,3,12,2,19,Copy of Book 3.pdf,167,347,Located in assigned book,4,True,,Eutectic microstructures
Exam 3,b3-c12-s2-q20,3,12,2,20,Copy of Book 3.pdf,167,347,Located in assigned book,2,True,,Eutectic microstructures
Exam 3,b3-c12-s2-q21,3,12,2,21,Copy of Book 3.pdf,168,348,Located in assigned book,2,True,,Reading phase diagrams
Exam 3,b3-c12-s2-q22,3,12,2,22,Copy of Book 3.pdf,168,348,Located in assigned book,3,True,,Reading phase diagrams
Exam 3,b3-c12-s2-q23,3,12,2,23,Copy of Book 3.pdf,168,348,Located in assigned book,2,True,,Reading phase diagrams
Exam 3,b3-c12-s2-q24,3,12,2,24,Copy of Book 3.pdf,168,348,Located in assigned book,3,True,,Reading phase diagrams
Exam 3,b3-c12-s2-q25,3,12,2,25,Copy of Book 3.pdf,168,348,Located in assigned book,4,True,,Reading phase diagrams
Exam 3,b3-c12-s2-q26,3,12,2,26,Copy of Book 3.pdf,169,349,Located in assigned book,3,True,,Reading phase diagrams
Exam 3,b3-c12-s2-q27,3,12,2,27,Copy of Book 3.pdf,169,349,Located in assigned book,1,True,,Reading phase diagrams
Exam 3,b3-c12-s2-q28,3,12,2,28,Copy of Book 3.pdf,169,349,Located in assigned book,2,True,,Reading phase diagrams
Exam 3,b3-c12-s2-q29,3,12,2,29,Copy of Book 3.pdf,169,349,Located in assigned book,3,True,,Eutectic microstructures
Exam 3,b3-c12-s2-q30,3,12,2,30,Copy of Book 3.pdf,170,350,Located in assigned book,4,True,,Eutectic microstructures
Exam 3,b3-c13-s1-q01,3,13,1,1,Copy of Book 3.pdf,191,371,Located in assigned book,3,True,,Reading phase diagrams
Exam 3,b3-c13-s1-q02,3,13,1,2,Copy of Book 3.pdf,191,371,Located in assigned book,3,True,,Reading phase diagrams
Exam 3,b3-c13-s1-q03,3,13,1,3,Copy of Book 3.pdf,192,372,Located in assigned book,2,True,,Reading phase diagrams
Exam 3,b3-c13-s1-q04,3,13,1,4,Copy of Book 3.pdf,192,372,Located in assigned book,1,True,,Reading phase diagrams
Exam 3,b3-c13-s1-q05,3,13,1,5,Copy of Book 3.pdf,192,372,Located in assigned book,2,True,,Reading phase diagrams
Exam 3,b3-c13-s1-q06,3,13,1,6,Copy of Book 3.pdf,192,372,Located in assigned book,3,True,,Reading phase diagrams
Exam 3,b3-c13-s1-q07,3,13,1,7,Copy of Book 3.pdf,193,373,Located in assigned book,2,True,,Eutectic microstructures
Exam 3,b3-c13-s1-q08,3,13,1,8,Copy of Book 3.pdf,193,373,Located in assigned book,3,True,,Eutectic microstructures
Exam 3,b3-c13-s1-q09,3,13,1,9,Copy of Book 3.pdf,193,373,Located in assigned book,5,True,,Eutectic microstructures
Exam 3,b3-c13-s1-q10,3,13,1,10,Copy of Book 3.pdf,193,373,Located in assigned book,2,True,,Eutectic microstructures
Exam 3,b3-c13-s1-q11,3,13,1,11,Copy of Book 3.pdf,194,374,Located in assigned book,2,True,,Eutectic microstructures
Exam 3,b3-c13-s1-q12,3,13,1,12,Copy of Book 3.pdf,194,374,Located in assigned book,2,True,,Eutectic microstructures
Exam 3,b3-c13-s1-q13,3,13,1,13,Copy of Book 3.pdf,194,374,Located in assigned book,2,True,,Eutectic microstructures
Exam 3,b3-c13-s1-q14,3,13,1,14,Copy of Book 3.pdf,194,374,Located in assigned book,3,True,,Eutectic microstructures
Exam 3,b3-c13-s1-q15,3,13,1,15,Copy of Book 3.pdf,194,374,Located in assigned book,2,True,,Eutectic microstructures
Exam 3,b3-c13-s1-q16,3,13,1,16,Copy of Book 3.pdf,195,375,Located in assigned book,4,True,,Eutectic microstructures
Exam 3,b3-c13-s1-q17,3,13,1,17,Copy of Book 3.pdf,195,375,Located in assigned book,2,True,,Eutectic microstructures
Exam 3,b3-c13-s1-q18,3,13,1,18,Copy of Book 3.pdf,195,375,Located in assigned book,2,True,,Eutectic microstructures
Exam 3,b3-c13-s1-q19,3,13,1,19,Copy of Book 3.pdf,196,376,Located in assigned book,3,True,,Eutectic microstructures
Exam 3,b3-c13-s1-q20,3,13,1,20,Copy of Book 3.pdf,196,376,Located in assigned book,2,True,,Eutectic microstructures
Exam 3,b3-c13-s1-q21,3,13,1,21,Copy of Book 3.pdf,196,376,Located in assigned book,2,True,,Eutectic microstructures
Exam 3,b3-c13-s1-q22,3,13,1,22,Copy of Book 3.pdf,196,376,Located in assigned book,2,True,,Strengthening mechanisms
Exam 3,b3-c13-s1-q23,3,13,1,23,Copy of Book 3.pdf,197,377,Located in assigned book,2,True,,Strengthening mechanisms
Exam 3,b3-c13-s1-q24,3,13,1,24,Copy of Book 3.pdf,197,377,Located in assigned book,1,True,,Strengthening mechanisms
Exam 3,b3-c13-s1-q25,3,13,1,25,Copy of Book 3.pdf,197,377,Located in assigned book,1,True,,Strengthening mechanisms
Exam 3,b3-c13-s1-q26,3,13,1,26,Copy of Book 3.pdf,197,377,Located in assigned book,2,True,,Phase names and compounds
Exam 3,b3-c13-s1-q27,3,13,1,27,Copy of Book 3.pdf,197,377,Located in assigned book,3,True,,Phase names and compounds
Exam 3,b3-c13-s1-q28,3,13,1,28,Copy of Book 3.pdf,198,378,Located in assigned book,2,True,,Phase names and compounds
Exam 3,b3-c13-s1-q29,3,13,1,29,Copy of Book 3.pdf,198,378,Located in assigned book,2,True,,Phase names and compounds
Exam 3,b3-c13-s1-q30,3,13,1,30,Copy of Book 3.pdf,198,378,Located in assigned book,1,True,,Phase names and compounds
Exam 3,b3-c13-s2-q01,3,13,2,1,Copy of Book 3.pdf,199,379,Located in assigned book,2,True,,Phase names and compounds
Exam 3,b3-c13-s2-q02,3,13,2,2,Copy of Book 3.pdf,199,379,Located in assigned book,4,True,,Phase names and compounds
Exam 3,b3-c13-s2-q03,3,13,2,3,Copy of Book 3.pdf,199,379,Located in assigned book,1,True,,Phase names and compounds
Exam 3,b3-c13-s2-q04,3,13,2,4,Copy of Book 3.pdf,199,379,Located in assigned book,1,True,,Iron–carbon landmarks
Exam 3,b3-c13-s2-q05,3,13,2,5,Copy of Book 3.pdf,200,380,Located in assigned book,2,True,,Iron–carbon landmarks
Exam 3,b3-c13-s2-q06,3,13,2,6,Copy of Book 3.pdf,200,380,Located in assigned book,3,True,,Iron–carbon landmarks
Exam 3,b3-c13-s2-q07,3,13,2,7,Copy of Book 3.pdf,200,380,Located in assigned book,4,True,,Iron–carbon landmarks
Exam 3,b3-c13-s2-q08,3,13,2,8,Copy of Book 3.pdf,200,380,Located in assigned book,2,True,,Iron–carbon landmarks
Exam 3,b3-c13-s2-q09,3,13,2,9,Copy of Book 3.pdf,200,380,Located in assigned book,3,True,,Iron–carbon landmarks
Exam 3,b3-c13-s2-q10,3,13,2,10,Copy of Book 3.pdf,201,381,Located in assigned book,1,True,,Iron–carbon landmarks
Exam 3,b3-c13-s2-q11,3,13,2,11,Copy of Book 3.pdf,201,381,Located in assigned book,3,True,,Iron–carbon landmarks
Exam 3,b3-c13-s2-q12,3,13,2,12,Copy of Book 3.pdf,201,381,Located in assigned book,2,True,,Iron–carbon landmarks
Exam 3,b3-c13-s2-q13,3,13,2,13,Copy of Book 3.pdf,201,381,Located in assigned book,1,True,,Iron–carbon landmarks
Exam 3,b3-c13-s2-q14,3,13,2,14,Copy of Book 3.pdf,202,382,Located in assigned book,1,True,,Iron–carbon landmarks
Exam 3,b3-c13-s2-q15,3,13,2,15,Copy of Book 3.pdf,202,382,Located in assigned book,1,False,The hypo/hyper composition label alone does not establish the steel/cast-iron category stated in the key. The carbon range needs clarification.,Iron–carbon landmarks
Exam 3,b3-c13-s2-q16,3,13,2,16,Copy of Book 3.pdf,202,382,Located in assigned book,2,False,The hypo/hyper composition label alone does not establish the steel/cast-iron category stated in the key. The carbon range needs clarification.,Iron–carbon landmarks
Exam 3,b3-c13-s2-q17,3,13,2,17,Copy of Book 3.pdf,202,382,Located in assigned book,2,True,,Iron–carbon landmarks
Exam 3,b3-c13-s2-q18,3,13,2,18,Copy of Book 3.pdf,202,382,Located in assigned book,2,True,,Iron–carbon landmarks
Exam 3,b3-c13-s2-q19,3,13,2,19,Copy of Book 3.pdf,203,383,Located in assigned book,1,True,,Iron–carbon landmarks
Exam 3,b3-c13-s2-q20,3,13,2,20,Copy of Book 3.pdf,203,383,Located in assigned book,2,True,,Iron–carbon landmarks
Exam 3,b3-c13-s2-q21,3,13,2,21,Copy of Book 3.pdf,203,383,Located in assigned book,3,True,,Iron–carbon landmarks
Exam 3,b3-c13-s2-q22,3,13,2,22,Copy of Book 3.pdf,203,383,Located in assigned book,1,True,,Iron–carbon landmarks
Exam 3,b3-c13-s2-q23,3,13,2,23,Copy of Book 3.pdf,203,383,Located in assigned book,1,True,,Iron–carbon landmarks
Exam 3,b3-c13-s2-q24,3,13,2,24,Copy of Book 3.pdf,204,384,Located in assigned book,4,True,,Iron–carbon landmarks
Exam 3,b3-c13-s2-q25,3,13,2,25,Copy of Book 3.pdf,204,384,Located in assigned book,1,True,,Iron–carbon landmarks
Exam 3,b3-c13-s2-q26,3,13,2,26,Copy of Book 3.pdf,204,384,Located in assigned book,3,True,,Iron–carbon landmarks
Exam 3,b3-c13-s2-q27,3,13,2,27,Copy of Book 3.pdf,204,384,Located in assigned book,4,True,,Iron–carbon landmarks
Exam 3,b3-c13-s2-q28,3,13,2,28,Copy of Book 3.pdf,205,384,Located in assigned book,2,True,,Iron–carbon landmarks
Exam 3,b3-c13-s2-q29,3,13,2,29,Copy of Book 3.pdf,205,385,Located in assigned book,3,False,The delta-iron magnetism statement needs verification at the high temperatures where that phase exists.,Iron–carbon landmarks
Exam 3,b3-c13-s2-q30,3,13,2,30,Copy of Book 3.pdf,205,385,Located in assigned book,3,True,,Iron–carbon landmarks
Exam 3,b3-c14-s1-q01,3,14,1,1,Copy of Book 3.pdf,225,405,Located in assigned book,2,True,,Reading phase diagrams
Exam 3,b3-c14-s1-q02,3,14,1,2,Copy of Book 3.pdf,225,405,Located in assigned book,1,True,,Steel microstructures
Exam 3,b3-c14-s1-q03,3,14,1,3,Copy of Book 3.pdf,226,406,Located in assigned book,2,True,,Steel designations and properties
Exam 3,b3-c14-s1-q04,3,14,1,4,Copy of Book 3.pdf,226,406,Located in assigned book,3,True,,Steel designations and properties
Exam 3,b3-c14-s1-q05,3,14,1,5,Copy of Book 3.pdf,226,406,Located in assigned book,4,True,,Steel designations and properties
Exam 3,b3-c14-s1-q06,3,14,1,6,Copy of Book 3.pdf,226,406,Located in assigned book,3,True,,Steel microstructures
Exam 3,b3-c14-s1-q07,3,14,1,7,Copy of Book 3.pdf,226,406,Located in assigned book,2,True,,Reading phase diagrams
Exam 3,b3-c14-s1-q08,3,14,1,8,Copy of Book 3.pdf,227,407,Located in assigned book,1,True,,Reading phase diagrams
Exam 3,b3-c14-s1-q09,3,14,1,9,Copy of Book 3.pdf,227,407,Located in assigned book,5,False,No specific alloy system or property graph is supplied to support a universal maximum-strength eutectic claim.,Steel microstructures
Exam 3,b3-c14-s1-q10,3,14,1,10,Copy of Book 3.pdf,227,407,Located in assigned book,2,True,,Reading phase diagrams
Exam 3,b3-c14-s1-q11,3,14,1,11,Copy of Book 3.pdf,227,407,Located in assigned book,2,True,,Steel microstructures
Exam 3,b3-c14-s1-q12,3,14,1,12,Copy of Book 3.pdf,228,407,Located in assigned book,2,False,The reference to beta iron needs clarification in this chapter’s alpha/gamma/delta phase terminology.,Steel microstructures
Exam 3,b3-c14-s1-q13,3,14,1,13,Copy of Book 3.pdf,228,408,Located in assigned book,1,True,,Eutectic microstructures
Exam 3,b3-c14-s1-q14,3,14,1,14,Copy of Book 3.pdf,228,408,Located in assigned book,3,True,,Eutectic microstructures
Exam 3,b3-c14-s1-q15,3,14,1,15,Copy of Book 3.pdf,228,408,Located in assigned book,2,True,,Eutectic microstructures
Exam 3,b3-c14-s1-q16,3,14,1,16,Copy of Book 3.pdf,228,408,Located in assigned book,1,True,,Eutectic microstructures
Exam 3,b3-c14-s1-q17,3,14,1,17,Copy of Book 3.pdf,229,409,Located in assigned book,3,True,,Eutectic microstructures
Exam 3,b3-c14-s1-q18,3,14,1,18,Copy of Book 3.pdf,229,409,Located in assigned book,2,True,,Steel designations and properties
Exam 3,b3-c14-s1-q19,3,14,1,19,Copy of Book 3.pdf,229,409,Located in assigned book,2,True,,Steel microstructures
Exam 3,b3-c14-s1-q20,3,14,1,20,Copy of Book 3.pdf,229,409,Located in assigned book,1,True,,Steel microstructures
Exam 3,b3-c14-s1-q21,3,14,1,21,Copy of Book 3.pdf,230,410,Located in assigned book,1,True,,Steel microstructures
Exam 3,b3-c14-s1-q22,3,14,1,22,Copy of Book 3.pdf,230,410,Located in assigned book,2,True,,Steel designations and properties
Exam 3,b3-c14-s1-q23,3,14,1,23,Copy of Book 3.pdf,230,410,Located in assigned book,5,True,,Steel designations and properties
Exam 3,b3-c14-s1-q24,3,14,1,24,Copy of Book 3.pdf,230,410,Located in assigned book,2,True,,Steel designations and properties
Exam 3,b3-c14-s1-q25,3,14,1,25,Copy of Book 3.pdf,230,410,Located in assigned book,4,True,,Steel designations and properties
Exam 3,b3-c14-s1-q26,3,14,1,26,Copy of Book 3.pdf,231,411,Located in assigned book,2,True,,Steel designations and properties
Exam 3,b3-c14-s1-q27,3,14,1,27,Copy of Book 3.pdf,231,411,Located in assigned book,1,True,,Steel designations and properties
Exam 3,b3-c14-s1-q28,3,14,1,28,Copy of Book 3.pdf,231,411,Located in assigned book,2,True,,Steel designations and properties
Exam 3,b3-c14-s1-q29,3,14,1,29,Copy of Book 3.pdf,231,411,Located in assigned book,1,True,,Steel designations and properties
Exam 3,b3-c14-s1-q30,3,14,1,30,Copy of Book 3.pdf,231,411,Located in assigned book,1,True,,Steel designations and properties
Exam 3,b3-c14-s2-q01,3,14,2,1,Copy of Book 3.pdf,233,413,Located in assigned book,1,True,,Steel designations and properties
Exam 3,b3-c14-s2-q02,3,14,2,2,Copy of Book 3.pdf,233,413,Located in assigned book,2,True,,Steel designations and properties
Exam 3,b3-c14-s2-q03,3,14,2,3,Copy of Book 3.pdf,233,413,Located in assigned book,2,True,,Steel designations and properties
Exam 3,b3-c14-s2-q04,3,14,2,4,Copy of Book 3.pdf,233,413,Located in assigned book,2,True,,Steel designations and properties
Exam 3,b3-c14-s2-q05,3,14,2,5,Copy of Book 3.pdf,234,414,Located in assigned book,2,True,,Steel microstructures
Exam 3,b3-c14-s2-q06,3,14,2,6,Copy of Book 3.pdf,234,414,Located in assigned book,2,True,,Steel microstructures
Exam 3,b3-c14-s2-q07,3,14,2,7,Copy of Book 3.pdf,234,414,Located in assigned book,3,True,,Steel microstructures
Exam 3,b3-c14-s2-q08,3,14,2,8,Copy of Book 3.pdf,234,414,Located in assigned book,1,True,,Steel microstructures
Exam 3,b3-c14-s2-q09,3,14,2,9,Copy of Book 3.pdf,234,414,Located in assigned book,2,True,,Steel microstructures
Exam 3,b3-c14-s2-q10,3,14,2,10,Copy of Book 3.pdf,235,415,Located in assigned book,4,True,,Steel microstructures
Exam 3,b3-c14-s2-q11,3,14,2,11,Copy of Book 3.pdf,235,415,Located in assigned book,1,True,,Steel microstructures
Exam 3,b3-c14-s2-q12,3,14,2,12,Copy of Book 3.pdf,235,415,Located in assigned book,2,True,,Steel microstructures
Exam 3,b3-c14-s2-q13,3,14,2,13,Copy of Book 3.pdf,235,415,Located in assigned book,4,True,,Steel microstructures
Exam 3,b3-c14-s2-q14,3,14,2,14,Copy of Book 3.pdf,236,416,Located in assigned book,3,True,,Steel microstructures
Exam 3,b3-c14-s2-q15,3,14,2,15,Copy of Book 3.pdf,236,416,Located in assigned book,2,True,,Steel microstructures
Exam 3,b3-c14-s2-q16,3,14,2,16,Copy of Book 3.pdf,236,416,Located in assigned book,3,True,,Steel microstructures
Exam 3,b3-c14-s2-q17,3,14,2,17,Copy of Book 3.pdf,236,416,Located in assigned book,2,True,,Steel microstructures
Exam 3,b3-c14-s2-q18,3,14,2,18,Copy of Book 3.pdf,237,417,Located in assigned book,4,True,,Reading phase diagrams
Exam 3,b3-c14-s2-q19,3,14,2,19,Copy of Book 3.pdf,237,417,Located in assigned book,3,True,,Steel microstructures
Exam 3,b3-c14-s2-q20,3,14,2,20,Copy of Book 3.pdf,237,417,Located in assigned book,1,True,,Reading phase diagrams
Exam 3,b3-c14-s2-q21,3,14,2,21,Copy of Book 3.pdf,237,417,Located in assigned book,2,True,,Reading phase diagrams
Exam 3,b3-c14-s2-q22,3,14,2,22,Copy of Book 3.pdf,238,418,Located in assigned book,5,True,,Reading phase diagrams
Exam 3,b3-c14-s2-q23,3,14,2,23,Copy of Book 3.pdf,238,418,Located in assigned book,4,True,,Steel microstructures
Exam 3,b3-c14-s2-q24,3,14,2,24,Copy of Book 3.pdf,238,418,Located in assigned book,2,True,,Steel microstructures
Exam 3,b3-c14-s2-q25,3,14,2,25,Copy of Book 3.pdf,238,418,Located in assigned book,3,True,,Steel microstructures
Exam 3,b3-c14-s2-q26,3,14,2,26,Copy of Book 3.pdf,238,418,Located in assigned book,5,True,,Steel microstructures
Exam 3,b3-c14-s2-q27,3,14,2,27,Copy of Book 3.pdf,239,419,Located in assigned book,2,True,,Steel microstructures
Exam 3,b3-c14-s2-q28,3,14,2,28,Copy of Book 3.pdf,239,419,Located in assigned book,2,True,,Steel microstructures
Exam 3,b3-c14-s2-q29,3,14,2,29,Copy of Book 3.pdf,239,419,Located in assigned book,1,True,,Steel microstructures
Exam 3,b3-c14-s2-q30,3,14,2,30,Copy of Book 3.pdf,239,419,Located in assigned book,4,False,The 0.2% lower carbon limit conflicts with the 0.008% value given elsewhere in the supplied course books.,Steel microstructures
Exam 3,b3-c15-s1-q01,3,15,1,1,Copy of Book 3.pdf,259,439,Located in assigned book,1,True,,Transformation kinetics and TTT
Exam 3,b3-c15-s1-q02,3,15,1,2,Copy of Book 3.pdf,259,439,Located in assigned book,2,True,,Transformation kinetics and TTT
Exam 3,b3-c15-s1-q03,3,15,1,3,Copy of Book 3.pdf,259,439,Located in assigned book,3,True,,Transformation kinetics and TTT
Exam 3,b3-c15-s1-q04,3,15,1,4,Copy of Book 3.pdf,260,440,Located in assigned book,4,True,,Transformation kinetics and TTT
Exam 3,b3-c15-s1-q05,3,15,1,5,Copy of Book 3.pdf,260,440,Located in assigned book,4,True,,Transformation kinetics and TTT
Exam 3,b3-c15-s1-q06,3,15,1,6,Copy of Book 3.pdf,260,440,Located in assigned book,3,True,,Transformation kinetics and TTT
Exam 3,b3-c15-s1-q07,3,15,1,7,Copy of Book 3.pdf,260,440,Located in assigned book,1,True,,Transformation kinetics and TTT
Exam 3,b3-c15-s1-q08,3,15,1,8,Copy of Book 3.pdf,261,441,Located in assigned book,4,True,,Transformation kinetics and TTT
Exam 3,b3-c15-s1-q09,3,15,1,9,Copy of Book 3.pdf,261,441,Located in assigned book,,False,No single answer mark is available in the source: multiple choices are bold. The item is recorded but ungraded.,Transformation kinetics and TTT
Exam 3,b3-c15-s1-q10,3,15,1,10,Copy of Book 3.pdf,261,441,Located in assigned book,2,True,,Transformation kinetics and TTT
Exam 3,b3-c15-s1-q11,3,15,1,11,Copy of Book 3.pdf,261,441,Located in assigned book,2,True,,Transformation kinetics and TTT
Exam 3,b3-c15-s1-q12,3,15,1,12,Copy of Book 3.pdf,262,442,Located in assigned book,1,True,,Transformation kinetics and TTT
Exam 3,b3-c15-s1-q13,3,15,1,13,Copy of Book 3.pdf,262,442,Located in assigned book,4,True,,Transformation kinetics and TTT
Exam 3,b3-c15-s1-q14,3,15,1,14,Copy of Book 3.pdf,262,442,Located in assigned book,2,True,,Transformation kinetics and TTT
Exam 3,b3-c15-s1-q15,3,15,1,15,Copy of Book 3.pdf,262,442,Located in assigned book,2,True,,Transformation kinetics and TTT
Exam 3,b3-c15-s1-q16,3,15,1,16,Copy of Book 3.pdf,263,443,Located in assigned book,2,False,"The source labels the 400 °C transformation product as pearlite, but this needs checking against the applicable TTT diagram and bainite range.",Transformation kinetics and TTT
Exam 3,b3-c15-s1-q17,3,15,1,17,Copy of Book 3.pdf,263,443,Located in assigned book,2,False,"The source labels the 400 °C transformation product as pearlite, but this needs checking against the applicable TTT diagram and bainite range.",Transformation kinetics and TTT
Exam 3,b3-c15-s1-q18,3,15,1,18,Copy of Book 3.pdf,263,443,Located in assigned book,4,True,,Transformation kinetics and TTT
Exam 3,b3-c15-s1-q19,3,15,1,19,Copy of Book 3.pdf,264,444,Located in assigned book,1,True,,Pearlite and bainite
Exam 3,b3-c15-s1-q20,3,15,1,20,Copy of Book 3.pdf,264,444,Located in assigned book,2,True,,Pearlite and bainite
Exam 3,b3-c15-s1-q21,3,15,1,21,Copy of Book 3.pdf,264,444,Located in assigned book,3,True,,Pearlite and bainite
Exam 3,b3-c15-s1-q22,3,15,1,22,Copy of Book 3.pdf,264,444,Located in assigned book,4,True,,Pearlite and bainite
Exam 3,b3-c15-s1-q23,3,15,1,23,Copy of Book 3.pdf,265,445,Located in assigned book,5,True,,Pearlite and bainite
Exam 3,b3-c15-s1-q24,3,15,1,24,Copy of Book 3.pdf,265,445,Located in assigned book,1,True,,Pearlite and bainite
Exam 3,b3-c15-s1-q25,3,15,1,25,Copy of Book 3.pdf,265,445,Located in assigned book,4,True,,Transformation kinetics and TTT
Exam 3,b3-c15-s1-q26,3,15,1,26,Copy of Book 3.pdf,265,445,Located in assigned book,1,True,,Transformation kinetics and TTT
Exam 3,b3-c15-s1-q27,3,15,1,27,Copy of Book 3.pdf,266,446,Located in assigned book,1,True,,Transformation kinetics and TTT
Exam 3,b3-c15-s1-q28,3,15,1,28,Copy of Book 3.pdf,266,446,Located in assigned book,5,True,,Transformation kinetics and TTT
Exam 3,b3-c15-s1-q29,3,15,1,29,Copy of Book 3.pdf,266,446,Located in assigned book,2,True,,Transformation kinetics and TTT
Exam 3,b3-c15-s1-q30,3,15,1,30,Copy of Book 3.pdf,266,446,Located in assigned book,3,True,,Transformation kinetics and TTT
Exam 3,b3-c15-s2-q01,3,15,2,1,Copy of Book 3.pdf,268,448,Located in assigned book,1,True,,Pearlite and bainite
Exam 3,b3-c15-s2-q02,3,15,2,2,Copy of Book 3.pdf,268,448,Located in assigned book,3,True,,Pearlite and bainite
Exam 3,b3-c15-s2-q03,3,15,2,3,Copy of Book 3.pdf,268,448,Located in assigned book,4,True,,Pearlite and bainite
Exam 3,b3-c15-s2-q04,3,15,2,4,Copy of Book 3.pdf,269,449,Located in assigned book,3,True,,Pearlite and bainite
Exam 3,b3-c15-s2-q05,3,15,2,5,Copy of Book 3.pdf,269,449,Located in assigned book,1,True,,Pearlite and bainite
Exam 3,b3-c15-s2-q06,3,15,2,6,Copy of Book 3.pdf,269,449,Located in assigned book,1,True,,Pearlite and bainite
Exam 3,b3-c15-s2-q07,3,15,2,7,Copy of Book 3.pdf,269,449,Located in assigned book,4,True,,Pearlite and bainite
Exam 3,b3-c15-s2-q08,3,15,2,8,Copy of Book 3.pdf,269,449,Located in assigned book,3,True,,Pearlite and bainite
Exam 3,b3-c15-s2-q09,3,15,2,9,Copy of Book 3.pdf,270,450,Located in assigned book,1,True,,Pearlite and bainite
Exam 3,b3-c15-s2-q10,3,15,2,10,Copy of Book 3.pdf,270,450,Located in assigned book,2,True,,Pearlite and bainite
Exam 3,b3-c15-s2-q11,3,15,2,11,Copy of Book 3.pdf,270,450,Located in assigned book,4,True,,Transformation kinetics and TTT
Exam 3,b3-c15-s2-q12,3,15,2,12,Copy of Book 3.pdf,270,450,Located in assigned book,3,True,,Transformation kinetics and TTT
Exam 3,b3-c15-s2-q13,3,15,2,13,Copy of Book 3.pdf,271,451,Located in assigned book,2,True,,Transformation kinetics and TTT
Exam 3,b3-c15-s2-q14,3,15,2,14,Copy of Book 3.pdf,271,451,Located in assigned book,1,True,,Transformation kinetics and TTT
Exam 3,b3-c15-s2-q15,3,15,2,15,Copy of Book 3.pdf,271,451,Located in assigned book,3,True,,Transformation kinetics and TTT
Exam 3,b3-c15-s2-q16,3,15,2,16,Copy of Book 3.pdf,271,451,Located in assigned book,4,True,,Transformation kinetics and TTT
Exam 3,b3-c15-s2-q17,3,15,2,17,Copy of Book 3.pdf,272,452,Located in assigned book,3,True,,Transformation kinetics and TTT
Exam 3,b3-c15-s2-q18,3,15,2,18,Copy of Book 3.pdf,272,452,Located in assigned book,3,True,,Transformation kinetics and TTT
Exam 3,b3-c15-s2-q19,3,15,2,19,Copy of Book 3.pdf,272,452,Located in assigned book,2,True,,Martensite
Exam 3,b3-c15-s2-q20,3,15,2,20,Copy of Book 3.pdf,272,452,Located in assigned book,2,True,,Martensite
Exam 3,b3-c15-s2-q21,3,15,2,21,Copy of Book 3.pdf,272,453,Located in assigned book,3,True,,Martensite
Exam 3,b3-c15-s2-q22,3,15,2,22,Copy of Book 3.pdf,273,453,Located in assigned book,2,True,,Martensite
Exam 3,b3-c15-s2-q23,3,15,2,23,Copy of Book 3.pdf,273,453,Located in assigned book,3,True,,Martensite
Exam 3,b3-c15-s2-q24,3,15,2,24,Copy of Book 3.pdf,273,453,Located in assigned book,1,True,,Martensite
Exam 3,b3-c15-s2-q25,3,15,2,25,Copy of Book 3.pdf,273,453,Located in assigned book,5,True,,Martensite
Exam 3,b3-c15-s2-q26,3,15,2,26,Copy of Book 3.pdf,274,454,Located in assigned book,2,True,,Martensite
Exam 3,b3-c15-s2-q27,3,15,2,27,Copy of Book 3.pdf,274,454,Located in assigned book,3,True,,Martensite
Exam 3,b3-c15-s2-q28,3,15,2,28,Copy of Book 3.pdf,274,454,Located in assigned book,2,True,,Martensite
Exam 3,b3-c15-s2-q29,3,15,2,29,Copy of Book 3.pdf,274,454,Located in assigned book,3,True,,Martensite
Exam 3,b3-c15-s2-q30,3,15,2,30,Copy of Book 3.pdf,274,454,Located in assigned book,3,True,,Martensite
Exam 4,b4-c16-s1-q01,4,16,1,1,Copy of Book 4.pdf,156,342,Located in assigned book,3,True,,Precipitation hardening
Exam 4,b4-c16-s1-q02,4,16,1,2,Copy of Book 4.pdf,156,342,Located in assigned book,1,True,,Precipitation hardening
Exam 4,b4-c16-s1-q03,4,16,1,3,Copy of Book 4.pdf,157,343,Located in assigned book,2,True,,Precipitation hardening
Exam 4,b4-c16-s1-q04,4,16,1,4,Copy of Book 4.pdf,157,343,Located in assigned book,2,True,,Martensite
Exam 4,b4-c16-s1-q05,4,16,1,5,Copy of Book 4.pdf,157,343,Located in assigned book,4,True,,Martensite
Exam 4,b4-c16-s1-q06,4,16,1,6,Copy of Book 4.pdf,157,343,Located in assigned book,1,True,,Martensite
Exam 4,b4-c16-s1-q07,4,16,1,7,Copy of Book 4.pdf,157,343,Located in assigned book,3,True,,Martensite
Exam 4,b4-c16-s1-q08,4,16,1,8,Copy of Book 4.pdf,158,344,Located in assigned book,5,True,,Martensite
Exam 4,b4-c16-s1-q09,4,16,1,9,Copy of Book 4.pdf,158,344,Located in assigned book,1,True,,Historical alloy examples
Exam 4,b4-c16-s1-q10,4,16,1,10,Copy of Book 4.pdf,158,344,Located in assigned book,3,True,,Historical alloy examples
Exam 4,b4-c16-s1-q11,4,16,1,11,Copy of Book 4.pdf,158,344,Located in assigned book,4,True,,Precipitation hardening
Exam 4,b4-c16-s1-q12,4,16,1,12,Copy of Book 4.pdf,159,345,Located in assigned book,1,True,,Aging time and coherency
Exam 4,b4-c16-s1-q13,4,16,1,13,Copy of Book 4.pdf,159,345,Located in assigned book,1,True,,Aging time and coherency
Exam 4,b4-c16-s1-q14,4,16,1,14,Copy of Book 4.pdf,159,345,Located in assigned book,4,True,,Precipitation hardening
Exam 4,b4-c16-s1-q15,4,16,1,15,Copy of Book 4.pdf,159,345,Located in assigned book,5,True,,Aging time and coherency
Exam 4,b4-c16-s1-q16,4,16,1,16,Copy of Book 4.pdf,160,346,Located in assigned book,2,True,,Aging time and coherency
Exam 4,b4-c16-s1-q17,4,16,1,17,Copy of Book 4.pdf,160,346,Located in assigned book,1,True,,Aging time and coherency
Exam 4,b4-c16-s1-q18,4,16,1,18,Copy of Book 4.pdf,160,346,Located in assigned book,2,True,,Historical alloy examples
Exam 4,b4-c16-s1-q19,4,16,1,19,Copy of Book 4.pdf,160,346,Located in assigned book,1,True,,Precipitation hardening
Exam 4,b4-c16-s1-q20,4,16,1,20,Copy of Book 4.pdf,161,347,Located in assigned book,2,True,,Precipitation hardening
Exam 4,b4-c16-s1-q21,4,16,1,21,Copy of Book 4.pdf,161,347,Located in assigned book,3,True,,Precipitation hardening
Exam 4,b4-c16-s1-q22,4,16,1,22,Copy of Book 4.pdf,161,347,Located in assigned book,3,True,,Precipitation hardening
Exam 4,b4-c16-s1-q23,4,16,1,23,Copy of Book 4.pdf,161,347,Located in assigned book,2,True,,Precipitation hardening
Exam 4,b4-c16-s1-q24,4,16,1,24,Copy of Book 4.pdf,161,347,Located in assigned book,3,True,,Precipitation hardening
Exam 4,b4-c16-s1-q25,4,16,1,25,Copy of Book 4.pdf,162,348,Located in assigned book,2,True,,Aging time and coherency
Exam 4,b4-c16-s1-q26,4,16,1,26,Copy of Book 4.pdf,162,348,Located in assigned book,1,True,,Aging time and coherency
Exam 4,b4-c16-s1-q27,4,16,1,27,Copy of Book 4.pdf,162,348,Located in assigned book,3,True,,Aging time and coherency
Exam 4,b4-c16-s1-q28,4,16,1,28,Copy of Book 4.pdf,162,348,Located in assigned book,3,True,,Aging time and coherency
Exam 4,b4-c16-s1-q29,4,16,1,29,Copy of Book 4.pdf,163,349,Located in assigned book,1,False,The source’s ordered/disordered description of theta-double-prime needs instructor verification; coherency and ordering are different properties.,Aging time and coherency
Exam 4,b4-c16-s1-q30,4,16,1,30,Copy of Book 4.pdf,163,349,Located in assigned book,2,True,,Aging time and coherency
Exam 4,b4-c16-s2-q01,4,16,2,1,Copy of Book 4.pdf,164,350,Located in assigned book,2,True,,Aging time and coherency
Exam 4,b4-c16-s2-q02,4,16,2,2,Copy of Book 4.pdf,164,350,Located in assigned book,4,True,,Aging time and coherency
Exam 4,b4-c16-s2-q03,4,16,2,3,Copy of Book 4.pdf,164,350,Located in assigned book,5,True,,Aging time and coherency
Exam 4,b4-c16-s2-q04,4,16,2,4,Copy of Book 4.pdf,164,350,Located in assigned book,4,True,,Aging time and coherency
Exam 4,b4-c16-s2-q05,4,16,2,5,Copy of Book 4.pdf,165,351,Located in assigned book,2,True,,Precipitation hardening
Exam 4,b4-c16-s2-q06,4,16,2,6,Copy of Book 4.pdf,165,351,Located in assigned book,2,False,The statement that Al–Mg alloys are precipitation hardenable needs a specified composition/alloy system; it should not be generalized to all Al–Mg alloys.,Precipitation hardening
Exam 4,b4-c16-s2-q07,4,16,2,7,Copy of Book 4.pdf,165,351,Located in assigned book,1,True,,Precipitation hardening
Exam 4,b4-c16-s2-q08,4,16,2,8,Copy of Book 4.pdf,165,351,Located in assigned book,1,True,,Precipitation hardening
Exam 4,b4-c16-s2-q09,4,16,2,9,Copy of Book 4.pdf,166,352,Located in assigned book,2,True,,Precipitation hardening
Exam 4,b4-c16-s2-q10,4,16,2,10,Copy of Book 4.pdf,166,352,Located in assigned book,3,True,,Precipitation hardening
Exam 4,b4-c16-s2-q11,4,16,2,11,Copy of Book 4.pdf,166,352,Located in assigned book,4,True,,Precipitation hardening
Exam 4,b4-c16-s2-q12,4,16,2,12,Copy of Book 4.pdf,166,352,Located in assigned book,5,True,,Precipitation hardening
Exam 4,b4-c16-s2-q13,4,16,2,13,Copy of Book 4.pdf,166,352,Located in assigned book,3,True,,Precipitation hardening
Exam 4,b4-c16-s2-q14,4,16,2,14,Copy of Book 4.pdf,167,353,Located in assigned book,3,True,,Precipitation hardening
Exam 4,b4-c16-s2-q15,4,16,2,15,Copy of Book 4.pdf,167,353,Located in assigned book,1,True,,Precipitation hardening
Exam 4,b4-c16-s2-q16,4,16,2,16,Copy of Book 4.pdf,167,353,Located in assigned book,5,True,,Precipitation hardening
Exam 4,b4-c16-s2-q17,4,16,2,17,Copy of Book 4.pdf,167,353,Located in assigned book,3,True,,Precipitation hardening
Exam 4,b4-c16-s2-q18,4,16,2,18,Copy of Book 4.pdf,168,354,Located in assigned book,2,True,,Precipitation hardening
Exam 4,b4-c16-s2-q19,4,16,2,19,Copy of Book 4.pdf,168,354,Located in assigned book,3,True,,Precipitation hardening
Exam 4,b4-c16-s2-q20,4,16,2,20,Copy of Book 4.pdf,168,354,Located in assigned book,1,True,,Precipitation hardening
Exam 4,b4-c16-s2-q21,4,16,2,21,Copy of Book 4.pdf,168,354,Located in assigned book,2,True,,Precipitation hardening
Exam 4,b4-c16-s2-q22,4,16,2,22,Copy of Book 4.pdf,168,354,Located in assigned book,2,True,,Precipitation hardening
Exam 4,b4-c16-s2-q23,4,16,2,23,Copy of Book 4.pdf,169,355,Located in assigned book,1,False,Greater strength from aging does not guarantee greater toughness. Alloy and aging condition are unspecified.,Precipitation hardening
Exam 4,b4-c16-s2-q24,4,16,2,24,Copy of Book 4.pdf,169,355,Located in assigned book,2,True,,Precipitation hardening
Exam 4,b4-c16-s2-q25,4,16,2,25,Copy of Book 4.pdf,169,355,Located in assigned book,3,True,,Precipitation hardening
Exam 4,b4-c16-s2-q26,4,16,2,26,Copy of Book 4.pdf,169,355,Located in assigned book,4,True,,Precipitation hardening
Exam 4,b4-c16-s2-q27,4,16,2,27,Copy of Book 4.pdf,170,356,Located in assigned book,3,True,,Precipitation hardening
Exam 4,b4-c16-s2-q28,4,16,2,28,Copy of Book 4.pdf,170,356,Located in assigned book,2,True,,Precipitation hardening
Exam 4,b4-c16-s2-q29,4,16,2,29,Copy of Book 4.pdf,170,356,Located in assigned book,4,True,,Precipitation hardening
Exam 4,b4-c16-s2-q30,4,16,2,30,Copy of Book 4.pdf,170,356,Located in assigned book,2,True,,Historical alloy examples
Exam 4,b4-c16-s3-q61,4,16,3,61,Copy of Book 4.pdf,171,357,Located in assigned book,4,True,,Precipitation hardening
Exam 4,b4-c16-s3-q62,4,16,3,62,Copy of Book 4.pdf,171,357,Located in assigned book,2,False,The source calls tempering martensite age-hardening. This conflates distinct heat-treatment terminology; clarify with the instructor.,Martensite
Exam 4,b4-c16-s3-q63,4,16,3,63,Copy of Book 4.pdf,171,357,Located in assigned book,2,True,,Historical alloy examples
Exam 4,b4-c16-s3-q64,4,16,3,64,Copy of Book 4.pdf,171,357,Located in assigned book,3,True,,Historical alloy examples
Exam 4,b4-c17-s1-q01,4,17,1,1,Copy of Book 4.pdf,188,374,Located in assigned book,2,True,,Polymer structure classes
Exam 4,b4-c17-s1-q02,4,17,1,2,Copy of Book 4.pdf,188,374,Located in assigned book,2,True,,Polymerization and recycling
Exam 4,b4-c17-s1-q03,4,17,1,3,Copy of Book 4.pdf,189,375,Located in assigned book,1,True,,Polymerization and recycling
Exam 4,b4-c17-s1-q04,4,17,1,4,Copy of Book 4.pdf,189,375,Located in assigned book,2,True,,Polymerization and recycling
Exam 4,b4-c17-s1-q05,4,17,1,5,Copy of Book 4.pdf,189,375,Located in assigned book,3,True,,Polymer structure classes
Exam 4,b4-c17-s1-q06,4,17,1,6,Copy of Book 4.pdf,189,375,Located in assigned book,3,True,,Polymer structure classes
Exam 4,b4-c17-s1-q07,4,17,1,7,Copy of Book 4.pdf,189,375,Located in assigned book,2,True,,Polymer structure classes
Exam 4,b4-c17-s1-q08,4,17,1,8,Copy of Book 4.pdf,190,376,Located in assigned book,3,True,,Polymer structure classes
Exam 4,b4-c17-s1-q09,4,17,1,9,Copy of Book 4.pdf,190,376,Located in assigned book,4,True,,Polymer structure classes
Exam 4,b4-c17-s1-q10,4,17,1,10,Copy of Book 4.pdf,190,376,Located in assigned book,1,True,,Polymer structure classes
Exam 4,b4-c17-s1-q11,4,17,1,11,Copy of Book 4.pdf,190,376,Located in assigned book,3,True,,Polymer structure classes
Exam 4,b4-c17-s1-q12,4,17,1,12,Copy of Book 4.pdf,191,377,Located in assigned book,2,True,,Polymer applications
Exam 4,b4-c17-s1-q13,4,17,1,13,Copy of Book 4.pdf,191,377,Located in assigned book,3,True,,Polymer structure classes
Exam 4,b4-c17-s1-q14,4,17,1,14,Copy of Book 4.pdf,191,377,Located in assigned book,4,True,,Polymer applications
Exam 4,b4-c17-s1-q15,4,17,1,15,Copy of Book 4.pdf,191,377,Located in assigned book,3,True,,Polymer applications
Exam 4,b4-c17-s1-q16,4,17,1,16,Copy of Book 4.pdf,191,377,Located in assigned book,1,True,,Polymer applications
Exam 4,b4-c17-s1-q17,4,17,1,17,Copy of Book 4.pdf,192,378,Located in assigned book,3,True,,Polymer chains and repeat units
Exam 4,b4-c17-s1-q18,4,17,1,18,Copy of Book 4.pdf,192,378,Located in assigned book,2,True,,Polymer chains and repeat units
Exam 4,b4-c17-s1-q19,4,17,1,19,Copy of Book 4.pdf,192,378,Located in assigned book,4,True,,Polymer chains and repeat units
Exam 4,b4-c17-s1-q20,4,17,1,20,Copy of Book 4.pdf,192,378,Located in assigned book,4,True,,Polymer chains and repeat units
Exam 4,b4-c17-s1-q21,4,17,1,21,Copy of Book 4.pdf,192,378,Located in assigned book,2,True,,Polymer applications
Exam 4,b4-c17-s1-q22,4,17,1,22,Copy of Book 4.pdf,193,379,Located in assigned book,4,True,,Polymer applications
Exam 4,b4-c17-s1-q23,4,17,1,23,Copy of Book 4.pdf,193,379,Located in assigned book,4,True,,Polymer applications
Exam 4,b4-c17-s1-q24,4,17,1,24,Copy of Book 4.pdf,193,379,Located in assigned book,3,True,,Polymer chains and repeat units
Exam 4,b4-c17-s1-q25,4,17,1,25,Copy of Book 4.pdf,193,379,Located in assigned book,2,True,,Polymer chains and repeat units
Exam 4,b4-c17-s1-q26,4,17,1,26,Copy of Book 4.pdf,193,379,Located in assigned book,3,True,,Polymer chains and repeat units
Exam 4,b4-c17-s1-q27,4,17,1,27,Copy of Book 4.pdf,194,380,Located in assigned book,3,True,,Polymer chains and repeat units
Exam 4,b4-c17-s1-q28,4,17,1,28,Copy of Book 4.pdf,194,380,Located in assigned book,3,True,,Polymer structure classes
Exam 4,b4-c17-s1-q29,4,17,1,29,Copy of Book 4.pdf,194,380,Located in assigned book,1,True,,Polymer structure classes
Exam 4,b4-c17-s1-q30,4,17,1,30,Copy of Book 4.pdf,194,380,Located in assigned book,2,True,,Polymer chains and repeat units
Exam 4,b4-c17-s2-q01,4,17,2,1,Copy of Book 4.pdf,195,381,Located in assigned book,3,True,,Polymer structure classes
Exam 4,b4-c17-s2-q02,4,17,2,2,Copy of Book 4.pdf,195,381,Located in assigned book,4,True,,Polymer applications
Exam 4,b4-c17-s2-q03,4,17,2,3,Copy of Book 4.pdf,195,381,Located in assigned book,1,True,,Polymer structure classes
Exam 4,b4-c17-s2-q04,4,17,2,4,Copy of Book 4.pdf,195,381,Located in assigned book,2,True,,Polymer structure classes
Exam 4,b4-c17-s2-q05,4,17,2,5,Copy of Book 4.pdf,196,382,Located in assigned book,3,True,,Polymer structure classes
Exam 4,b4-c17-s2-q06,4,17,2,6,Copy of Book 4.pdf,196,382,Located in assigned book,4,True,,Polymer structure classes
Exam 4,b4-c17-s2-q07,4,17,2,7,Copy of Book 4.pdf,196,382,Located in assigned book,1,True,,Polymer structure classes
Exam 4,b4-c17-s2-q08,4,17,2,8,Copy of Book 4.pdf,196,382,Located in assigned book,2,True,,Polymer applications
Exam 4,b4-c17-s2-q09,4,17,2,9,Copy of Book 4.pdf,196,382,Located in assigned book,1,True,,Polymer applications
Exam 4,b4-c17-s2-q10,4,17,2,10,Copy of Book 4.pdf,197,383,Located in assigned book,1,True,,Polymer applications
Exam 4,b4-c17-s2-q11,4,17,2,11,Copy of Book 4.pdf,197,383,Located in assigned book,3,True,,Polymer structure classes
Exam 4,b4-c17-s2-q12,4,17,2,12,Copy of Book 4.pdf,197,383,Located in assigned book,3,True,,Polymer applications
Exam 4,b4-c17-s2-q13,4,17,2,13,Copy of Book 4.pdf,197,383,Located in assigned book,3,True,,Polymer applications
Exam 4,b4-c17-s2-q14,4,17,2,14,Copy of Book 4.pdf,197,383,Located in assigned book,3,True,,Polymer applications
Exam 4,b4-c17-s2-q15,4,17,2,15,Copy of Book 4.pdf,198,384,Located in assigned book,1,True,,Polymer structure classes
Exam 4,b4-c17-s2-q16,4,17,2,16,Copy of Book 4.pdf,198,384,Located in assigned book,2,True,,Polymer applications
Exam 4,b4-c17-s2-q17,4,17,2,17,Copy of Book 4.pdf,198,384,Located in assigned book,2,True,,Polymer applications
Exam 4,b4-c17-s2-q18,4,17,2,18,Copy of Book 4.pdf,198,384,Located in assigned book,1,True,,Polymer applications
Exam 4,b4-c17-s2-q19,4,17,2,19,Copy of Book 4.pdf,198,384,Located in assigned book,3,True,,Polymer applications
Exam 4,b4-c17-s2-q20,4,17,2,20,Copy of Book 4.pdf,199,385,Located in assigned book,4,True,,Polymer structure classes
Exam 4,b4-c17-s2-q21,4,17,2,21,Copy of Book 4.pdf,199,385,Located in assigned book,1,True,,Polymer applications
Exam 4,b4-c17-s2-q22,4,17,2,22,Copy of Book 4.pdf,199,385,Located in assigned book,1,True,,Polymer applications
Exam 4,b4-c17-s2-q23,4,17,2,23,Copy of Book 4.pdf,199,385,Located in assigned book,2,True,,Polymer applications
Exam 4,b4-c17-s2-q24,4,17,2,24,Copy of Book 4.pdf,200,385,Located in assigned book,3,False,"The marked choice says propylene, which is the monomer; the intended product material appears to be polypropylene.",Polymer applications
Exam 4,b4-c17-s2-q25,4,17,2,25,Copy of Book 4.pdf,200,386,Located in assigned book,4,True,,Polymer applications
Exam 4,b4-c17-s2-q26,4,17,2,26,Copy of Book 4.pdf,200,386,Located in assigned book,2,True,,Polymer applications
Exam 4,b4-c17-s2-q27,4,17,2,27,Copy of Book 4.pdf,200,386,Located in assigned book,4,True,,Polymer applications
Exam 4,b4-c17-s2-q28,4,17,2,28,Copy of Book 4.pdf,200,386,Located in assigned book,3,False,The particular rope/material example needs confirmation; it is not a universal material choice.,Polymer applications
Exam 4,b4-c17-s2-q29,4,17,2,29,Copy of Book 4.pdf,201,387,Located in assigned book,1,True,,Polymer structure classes
Exam 4,b4-c17-s2-q30,4,17,2,30,Copy of Book 4.pdf,201,387,Located in assigned book,2,True,,Polymer structure classes
Exam 4,b4-c17-s3-q01,4,17,3,1,Copy of Book 4.pdf,202,388,Located in assigned book,3,True,,Polymer chains and repeat units
Exam 4,b4-c17-s3-q05,4,17,3,5,Copy of Book 4.pdf,203,389,Located in assigned book,2,True,,Polymer structure classes
Exam 4,b4-c17-s3-q10,4,17,3,10,Copy of Book 4.pdf,204,390,Located in assigned book,3,True,,Polymerization and recycling
Exam 4,b4-c17-s3-q27,4,17,3,27,Copy of Book 4.pdf,207,393,Located in assigned book,2,True,,Polymer structure classes
Exam 4,b4-c18-s1-q01,4,18,1,1,Copy of Book 4.pdf,229,415,Located in assigned book,2,True,,Polymer structure classes
Exam 4,b4-c18-s1-q02,4,18,1,2,Copy of Book 4.pdf,229,415,Located in assigned book,2,True,,Glass transition and rate effects
Exam 4,b4-c18-s1-q03,4,18,1,3,Copy of Book 4.pdf,230,416,Located in assigned book,3,True,,Glass transition and rate effects
Exam 4,b4-c18-s1-q04,4,18,1,4,Copy of Book 4.pdf,230,416,Located in assigned book,1,True,,Glass transition and rate effects
Exam 4,b4-c18-s1-q05,4,18,1,5,Copy of Book 4.pdf,230,416,Located in assigned book,2,True,,Glass transition and rate effects
Exam 4,b4-c18-s1-q06,4,18,1,6,Copy of Book 4.pdf,230,416,Located in assigned book,3,False,The stated natural-rubber Tg is an approximate source example that needs verification for composition and test conditions.,Glass transition and rate effects
Exam 4,b4-c18-s1-q07,4,18,1,7,Copy of Book 4.pdf,230,416,Located in assigned book,4,True,,Glass transition and rate effects
Exam 4,b4-c18-s1-q08,4,18,1,8,Copy of Book 4.pdf,231,417,Located in assigned book,2,True,,Glass transition and rate effects
Exam 4,b4-c18-s1-q09,4,18,1,9,Copy of Book 4.pdf,231,417,Located in assigned book,3,True,,Glass transition and rate effects
Exam 4,b4-c18-s1-q10,4,18,1,10,Copy of Book 4.pdf,231,417,Located in assigned book,2,True,,Glass transition and rate effects
Exam 4,b4-c18-s1-q11,4,18,1,11,Copy of Book 4.pdf,231,417,Located in assigned book,3,True,,Polymer structure classes
Exam 4,b4-c18-s1-q12,4,18,1,12,Copy of Book 4.pdf,232,418,Located in assigned book,2,True,,Polymer structure classes
Exam 4,b4-c18-s1-q13,4,18,1,13,Copy of Book 4.pdf,232,418,Located in assigned book,1,True,,Polymer structure classes
Exam 4,b4-c18-s1-q14,4,18,1,14,Copy of Book 4.pdf,232,418,Located in assigned book,2,True,,Polymer structure classes
Exam 4,b4-c18-s1-q15,4,18,1,15,Copy of Book 4.pdf,232,418,Located in assigned book,1,True,,Polymer structure classes
Exam 4,b4-c18-s1-q16,4,18,1,16,Copy of Book 4.pdf,232,418,Located in assigned book,2,True,,Polymer structure classes
Exam 4,b4-c18-s1-q17,4,18,1,17,Copy of Book 4.pdf,233,419,Located in assigned book,3,True,,Polymer structure classes
Exam 4,b4-c18-s1-q18,4,18,1,18,Copy of Book 4.pdf,233,419,Located in assigned book,4,True,,Polymer structure classes
Exam 4,b4-c18-s1-q19,4,18,1,19,Copy of Book 4.pdf,233,419,Located in assigned book,2,True,,Spherulites and crystallinity
Exam 4,b4-c18-s1-q20,4,18,1,20,Copy of Book 4.pdf,233,419,Located in assigned book,3,True,,Spherulites and crystallinity
Exam 4,b4-c18-s1-q21,4,18,1,21,Copy of Book 4.pdf,233,419,Located in assigned book,4,True,,Spherulites and crystallinity
Exam 4,b4-c18-s1-q22,4,18,1,22,Copy of Book 4.pdf,234,420,Located in assigned book,1,True,,Spherulites and crystallinity
Exam 4,b4-c18-s1-q23,4,18,1,23,Copy of Book 4.pdf,234,420,Located in assigned book,4,True,,Spherulites and crystallinity
Exam 4,b4-c18-s1-q24,4,18,1,24,Copy of Book 4.pdf,234,420,Located in assigned book,2,True,,Spherulites and crystallinity
Exam 4,b4-c18-s1-q25,4,18,1,25,Copy of Book 4.pdf,234,420,Located in assigned book,3,True,,Spherulites and crystallinity
Exam 4,b4-c18-s1-q26,4,18,1,26,Copy of Book 4.pdf,235,421,Located in assigned book,4,True,,Spherulites and crystallinity
Exam 4,b4-c18-s1-q27,4,18,1,27,Copy of Book 4.pdf,235,421,Located in assigned book,1,True,,Spherulites and crystallinity
Exam 4,b4-c18-s1-q28,4,18,1,28,Copy of Book 4.pdf,235,421,Located in assigned book,2,True,,Spherulites and crystallinity
Exam 4,b4-c18-s1-q29,4,18,1,29,Copy of Book 4.pdf,235,421,Located in assigned book,3,True,,Polymer structure classes
Exam 4,b4-c18-s1-q30,4,18,1,30,Copy of Book 4.pdf,235,421,Located in assigned book,1,True,,Polymer processing
Exam 4,b4-c18-s2-q01,4,18,2,1,Copy of Book 4.pdf,237,423,Located in assigned book,2,True,,Polymer processing
Exam 4,b4-c18-s2-q02,4,18,2,2,Copy of Book 4.pdf,237,423,Located in assigned book,3,True,,Polymer processing
Exam 4,b4-c18-s2-q03,4,18,2,3,Copy of Book 4.pdf,237,423,Located in assigned book,4,True,,Polymer processing
Exam 4,b4-c18-s2-q04,4,18,2,4,Copy of Book 4.pdf,237,423,Located in assigned book,5,True,,Polymer structure classes
Exam 4,b4-c18-s2-q05,4,18,2,5,Copy of Book 4.pdf,238,424,Located in assigned book,4,True,,Polymerization and recycling
Exam 4,b4-c18-s2-q06,4,18,2,6,Copy of Book 4.pdf,238,424,Located in assigned book,3,True,,Polymerization and recycling
Exam 4,b4-c18-s2-q07,4,18,2,7,Copy of Book 4.pdf,238,424,Located in assigned book,2,True,,Polymer structure classes
Exam 4,b4-c18-s2-q08,4,18,2,8,Copy of Book 4.pdf,238,424,Located in assigned book,1,True,,Polymer structure classes
Exam 4,b4-c18-s2-q09,4,18,2,9,Copy of Book 4.pdf,238,424,Located in assigned book,2,True,,Polymer structure classes
Exam 4,b4-c18-s2-q10,4,18,2,10,Copy of Book 4.pdf,239,425,Located in assigned book,3,True,,Polymerization and recycling
Exam 4,b4-c18-s2-q11,4,18,2,11,Copy of Book 4.pdf,239,425,Located in assigned book,3,True,,Polymerization and recycling
Exam 4,b4-c18-s2-q12,4,18,2,12,Copy of Book 4.pdf,239,425,Located in assigned book,2,True,,Polymer structure classes
Exam 4,b4-c18-s2-q13,4,18,2,13,Copy of Book 4.pdf,239,425,Located in assigned book,3,True,,Polymer structure classes
Exam 4,b4-c18-s2-q14,4,18,2,14,Copy of Book 4.pdf,239,425,Located in assigned book,4,True,,Polymer structure classes
Exam 4,b4-c18-s2-q15,4,18,2,15,Copy of Book 4.pdf,240,426,Located in assigned book,5,True,,Polymerization and recycling
Exam 4,b4-c18-s2-q16,4,18,2,16,Copy of Book 4.pdf,240,426,Located in assigned book,1,True,,Polymer processing
Exam 4,b4-c18-s2-q17,4,18,2,17,Copy of Book 4.pdf,240,426,Located in assigned book,2,True,,Polymer processing
Exam 4,b4-c18-s2-q18,4,18,2,18,Copy of Book 4.pdf,240,426,Located in assigned book,3,True,,Polymer processing
Exam 4,b4-c18-s2-q19,4,18,2,19,Copy of Book 4.pdf,241,427,Located in assigned book,4,True,,Polymer processing
Exam 4,b4-c18-s2-q20,4,18,2,20,Copy of Book 4.pdf,241,427,Located in assigned book,5,True,,Polymer processing
Exam 4,b4-c18-s2-q21,4,18,2,21,Copy of Book 4.pdf,241,427,Located in assigned book,1,True,,Polymer processing
Exam 4,b4-c18-s2-q22,4,18,2,22,Copy of Book 4.pdf,241,427,Located in assigned book,2,True,,Polymer processing
Exam 4,b4-c18-s2-q23,4,18,2,23,Copy of Book 4.pdf,242,428,Located in assigned book,1,True,,Polymer processing
Exam 4,b4-c18-s2-q24,4,18,2,24,Copy of Book 4.pdf,242,428,Located in assigned book,3,True,,Polymer processing
Exam 4,b4-c18-s2-q25,4,18,2,25,Copy of Book 4.pdf,242,428,Located in assigned book,4,True,,Polymer processing
Exam 4,b4-c18-s2-q26,4,18,2,26,Copy of Book 4.pdf,242,428,Located in assigned book,1,True,,Polymer processing
Exam 4,b4-c18-s2-q27,4,18,2,27,Copy of Book 4.pdf,242,428,Located in assigned book,2,True,,Polymer processing
Exam 4,b4-c18-s2-q28,4,18,2,28,Copy of Book 4.pdf,243,429,Located in assigned book,1,True,,Polymer processing
Exam 4,b4-c18-s2-q29,4,18,2,29,Copy of Book 4.pdf,243,429,Located in assigned book,3,True,,Polymer processing
Exam 4,b4-c18-s2-q30,4,18,2,30,Copy of Book 4.pdf,243,429,Located in assigned book,,False,No single answer mark is available in the source: multiple choices are bold. The item is recorded but ungraded.,Polymer processing
Exam 4,b4-c18-s3-q03,4,18,3,3,Copy of Book 4.pdf,244,430,Located in assigned book,5,True,,Polymer processing
Exam 4,b4-c18-s3-q05,4,18,3,5,Copy of Book 4.pdf,245,431,Located in assigned book,3,True,,Polymer processing
Exam 4,b4-c18-s3-q08,4,18,3,8,Copy of Book 4.pdf,245,431,Located in assigned book,3,True,,Polymer processing
Exam 4,b4-c18-s3-q12,4,18,3,12,Copy of Book 4.pdf,246,432,Located in assigned book,4,True,,Polymer processing
Exam 4,b4-c19-s1-q01,4,19,1,1,Copy of Book 4.pdf,265,451,Located in assigned book,5,True,,Polymer structure classes
Exam 4,b4-c19-s1-q02,4,19,1,2,Copy of Book 4.pdf,265,451,Located in assigned book,4,True,,Polymer stiffness and chemistry
Exam 4,b4-c19-s1-q03,4,19,1,3,Copy of Book 4.pdf,266,452,Located in assigned book,3,True,,Polymer stiffness and chemistry
Exam 4,b4-c19-s1-q04,4,19,1,4,Copy of Book 4.pdf,266,452,Located in assigned book,2,True,,Polymer stiffness and chemistry
Exam 4,b4-c19-s1-q05,4,19,1,5,Copy of Book 4.pdf,266,452,Located in assigned book,1,True,,Polymer stiffness and chemistry
Exam 4,b4-c19-s1-q06,4,19,1,6,Copy of Book 4.pdf,266,452,Located in assigned book,2,True,,Polymer stiffness and chemistry
Exam 4,b4-c19-s1-q07,4,19,1,7,Copy of Book 4.pdf,266,452,Located in assigned book,3,True,,Polymer stiffness and chemistry
Exam 4,b4-c19-s1-q08,4,19,1,8,Copy of Book 4.pdf,267,453,Located in assigned book,3,False,"The general stiffness ranking between amorphous and semicrystalline polymers needs temperature, chemistry and test conditions.",Polymer stiffness and chemistry
Exam 4,b4-c19-s1-q09,4,19,1,9,Copy of Book 4.pdf,267,453,Located in assigned book,2,True,,Polymer stiffness and chemistry
Exam 4,b4-c19-s1-q10,4,19,1,10,Copy of Book 4.pdf,267,453,Located in assigned book,1,True,,Polymer stiffness and chemistry
Exam 4,b4-c19-s1-q11,4,19,1,11,Copy of Book 4.pdf,267,453,Located in assigned book,2,True,,Glass transition and rate effects
Exam 4,b4-c19-s1-q12,4,19,1,12,Copy of Book 4.pdf,268,454,Located in assigned book,3,True,,Glass transition and rate effects
Exam 4,b4-c19-s1-q13,4,19,1,13,Copy of Book 4.pdf,268,454,Located in assigned book,1,True,,Glass transition and rate effects
Exam 4,b4-c19-s1-q14,4,19,1,14,Copy of Book 4.pdf,268,454,Located in assigned book,2,True,,Glass transition and rate effects
Exam 4,b4-c19-s1-q15,4,19,1,15,Copy of Book 4.pdf,268,454,Located in assigned book,4,True,,Glass transition and rate effects
Exam 4,b4-c19-s1-q16,4,19,1,16,Copy of Book 4.pdf,268,454,Located in assigned book,2,True,,Glass transition and rate effects
Exam 4,b4-c19-s1-q17,4,19,1,17,Copy of Book 4.pdf,269,455,Located in assigned book,1,True,,Glass transition and rate effects
Exam 4,b4-c19-s1-q18,4,19,1,18,Copy of Book 4.pdf,269,455,Located in assigned book,2,True,,Glass transition and rate effects
Exam 4,b4-c19-s1-q19,4,19,1,19,Copy of Book 4.pdf,269,455,Located in assigned book,3,True,,Glass transition and rate effects
Exam 4,b4-c19-s1-q20,4,19,1,20,Copy of Book 4.pdf,269,455,Located in assigned book,4,True,,Glass transition and rate effects
Exam 4,b4-c19-s1-q21,4,19,1,21,Copy of Book 4.pdf,270,456,Located in assigned book,1,True,,Glass transition and rate effects
Exam 4,b4-c19-s1-q22,4,19,1,22,Copy of Book 4.pdf,270,456,Located in assigned book,3,True,,Glass transition and rate effects
Exam 4,b4-c19-s1-q23,4,19,1,23,Copy of Book 4.pdf,270,456,Located in assigned book,4,True,,Glass transition and rate effects
Exam 4,b4-c19-s1-q24,4,19,1,24,Copy of Book 4.pdf,270,456,Located in assigned book,5,True,,Glass transition and rate effects
Exam 4,b4-c19-s1-q25,4,19,1,25,Copy of Book 4.pdf,271,457,Located in assigned book,1,True,,Polymer chains and repeat units
Exam 4,b4-c19-s1-q26,4,19,1,26,Copy of Book 4.pdf,271,457,Located in assigned book,3,True,,Polymer chains and repeat units
Exam 4,b4-c19-s1-q27,4,19,1,27,Copy of Book 4.pdf,271,457,Located in assigned book,4,True,,Polymer chains and repeat units
Exam 4,b4-c19-s1-q28,4,19,1,28,Copy of Book 4.pdf,271,457,Located in assigned book,1,True,,Polymer structure classes
Exam 4,b4-c19-s1-q29,4,19,1,29,Copy of Book 4.pdf,272,458,Located in assigned book,2,True,,Polymer structure classes
Exam 4,b4-c19-s1-q30,4,19,1,30,Copy of Book 4.pdf,272,458,Located in assigned book,3,True,,Polymer structure classes
Exam 4,b4-c19-s2-q01,4,19,2,1,Copy of Book 4.pdf,273,459,Located in assigned book,4,True,,Glass transition and rate effects
Exam 4,b4-c19-s2-q02,4,19,2,2,Copy of Book 4.pdf,273,459,Located in assigned book,2,True,,Glass transition and rate effects
Exam 4,b4-c19-s2-q03,4,19,2,3,Copy of Book 4.pdf,273,459,Located in assigned book,2,True,,Glass transition and rate effects
Exam 4,b4-c19-s2-q04,4,19,2,4,Copy of Book 4.pdf,273,459,Located in assigned book,2,True,,Polymer structure classes
Exam 4,b4-c19-s2-q05,4,19,2,5,Copy of Book 4.pdf,274,460,Located in assigned book,4,True,,Polymer structure classes
Exam 4,b4-c19-s2-q06,4,19,2,6,Copy of Book 4.pdf,274,460,Located in assigned book,1,True,,Polymer structure classes
Exam 4,b4-c19-s2-q07,4,19,2,7,Copy of Book 4.pdf,274,460,Located in assigned book,2,True,,Polymer structure classes
Exam 4,b4-c19-s2-q08,4,19,2,8,Copy of Book 4.pdf,274,460,Located in assigned book,4,True,,Polymerization and recycling
Exam 4,b4-c19-s2-q09,4,19,2,9,Copy of Book 4.pdf,274,460,Located in assigned book,5,True,,Polymerization and recycling
Exam 4,b4-c19-s2-q10,4,19,2,10,Copy of Book 4.pdf,275,461,Located in assigned book,2,True,,Polymerization and recycling
Exam 4,b4-c19-s2-q11,4,19,2,11,Copy of Book 4.pdf,275,461,Located in assigned book,,False,No single answer mark is available in the source: multiple choices are bold. The item is recorded but ungraded.,Polymerization and recycling
Exam 4,b4-c19-s2-q12,4,19,2,12,Copy of Book 4.pdf,275,461,Located in assigned book,1,True,,Polymerization and recycling
Exam 4,b4-c19-s2-q13,4,19,2,13,Copy of Book 4.pdf,275,461,Located in assigned book,1,True,,Polymer applications
Exam 4,b4-c19-s2-q14,4,19,2,14,Copy of Book 4.pdf,275,461,Located in assigned book,2,True,,Polymer applications
Exam 4,b4-c19-s2-q15,4,19,2,15,Copy of Book 4.pdf,276,462,Located in assigned book,3,True,,Polymer applications
Exam 4,b4-c19-s2-q16,4,19,2,16,Copy of Book 4.pdf,276,462,Located in assigned book,4,True,,Polymer applications
Exam 4,b4-c19-s2-q17,4,19,2,17,Copy of Book 4.pdf,276,462,Located in assigned book,2,True,,Polymer applications
Exam 4,b4-c19-s2-q18,4,19,2,18,Copy of Book 4.pdf,276,462,Located in assigned book,1,True,,Polymer applications
Exam 4,b4-c19-s2-q19,4,19,2,19,Copy of Book 4.pdf,276,462,Located in assigned book,3,True,,Polymer applications
Exam 4,b4-c19-s2-q20,4,19,2,20,Copy of Book 4.pdf,277,463,Located in assigned book,4,True,,Polymer applications
Exam 4,b4-c19-s2-q21,4,19,2,21,Copy of Book 4.pdf,277,463,Located in assigned book,3,True,,Polymer applications
Exam 4,b4-c19-s2-q22,4,19,2,22,Copy of Book 4.pdf,277,463,Located in assigned book,4,True,,Polymer applications
Exam 4,b4-c19-s2-q23,4,19,2,23,Copy of Book 4.pdf,277,463,Located in assigned book,1,True,,Polymer applications
Exam 4,b4-c19-s2-q24,4,19,2,24,Copy of Book 4.pdf,278,464,Located in assigned book,1,True,,Polymer stiffness and chemistry
Exam 4,b4-c19-s2-q25,4,19,2,25,Copy of Book 4.pdf,278,464,Located in assigned book,1,True,,Polymer stiffness and chemistry
Exam 4,b4-c19-s2-q26,4,19,2,26,Copy of Book 4.pdf,278,464,Located in assigned book,1,False,"The strength/modulus ranking is not universal without specifying polymer chemistry, temperature and morphology.",Polymer stiffness and chemistry
Exam 4,b4-c19-s2-q27,4,19,2,27,Copy of Book 4.pdf,278,464,Located in assigned book,1,False,"The strength/modulus ranking is not universal without specifying polymer chemistry, temperature and morphology.",Polymer stiffness and chemistry
Exam 4,b4-c19-s2-q28,4,19,2,28,Copy of Book 4.pdf,278,464,Located in assigned book,1,True,,Polymer stiffness and chemistry
Exam 4,b4-c19-s2-q29,4,19,2,29,Copy of Book 4.pdf,279,465,Located in assigned book,1,True,,Polymer stiffness and chemistry
Exam 4,b4-c19-s2-q30,4,19,2,30,Copy of Book 4.pdf,279,465,Located in assigned book,2,True,,Polymer stiffness and chemistry
Exam 4,b4-c19-s3-q01,4,19,3,1,Copy of Book 4.pdf,280,466,Located in assigned book,1,True,,Polymer stiffness and chemistry
Exam 4,b4-c19-s3-q03,4,19,3,3,Copy of Book 4.pdf,280,466,Located in assigned book,2,True,,Polymer stiffness and chemistry
Exam 4,b4-c19-s3-q04,4,19,3,4,Copy of Book 4.pdf,280,466,Located in assigned book,2,True,,Polymer stiffness and chemistry
Exam 4,b4-c19-s3-q08,4,19,3,8,Copy of Book 4.pdf,281,467,Located in assigned book,1,True,,Polymer stiffness and chemistry
Exam 4,b4-c20-s1-q01,4,20,1,1,Copy of Book 4.pdf,301,487,Located in assigned book,2,True,,Bands and electrical transport
Exam 4,b4-c20-s1-q02,4,20,1,2,Copy of Book 4.pdf,301,487,Located in assigned book,1,True,,Bands and electrical transport
Exam 4,b4-c20-s1-q03,4,20,1,3,Copy of Book 4.pdf,301,487,Located in assigned book,3,True,,Bands and electrical transport
Exam 4,b4-c20-s1-q04,4,20,1,4,Copy of Book 4.pdf,302,488,Located in assigned book,2,True,,Bands and electrical transport
Exam 4,b4-c20-s1-q05,4,20,1,5,Copy of Book 4.pdf,302,488,Located in assigned book,1,True,,Bands and electrical transport
Exam 4,b4-c20-s1-q06,4,20,1,6,Copy of Book 4.pdf,302,488,Located in assigned book,3,True,,Bands and electrical transport
Exam 4,b4-c20-s1-q07,4,20,1,7,Copy of Book 4.pdf,302,488,Located in assigned book,4,True,,Bands and electrical transport
Exam 4,b4-c20-s1-q08,4,20,1,8,Copy of Book 4.pdf,303,489,Located in assigned book,1,True,,Electrical units and Ohm law
Exam 4,b4-c20-s1-q09,4,20,1,9,Copy of Book 4.pdf,303,489,Located in assigned book,2,True,,Electrical units and Ohm law
Exam 4,b4-c20-s1-q10,4,20,1,10,Copy of Book 4.pdf,303,489,Located in assigned book,1,True,,Electrical units and Ohm law
Exam 4,b4-c20-s1-q11,4,20,1,11,Copy of Book 4.pdf,303,489,Located in assigned book,4,True,,Electrical units and Ohm law
Exam 4,b4-c20-s1-q12,4,20,1,12,Copy of Book 4.pdf,303,489,Located in assigned book,2,True,,Electrical units and Ohm law
Exam 4,b4-c20-s1-q13,4,20,1,13,Copy of Book 4.pdf,304,490,Located in assigned book,3,True,,Electrical units and Ohm law
Exam 4,b4-c20-s1-q14,4,20,1,14,Copy of Book 4.pdf,304,490,Located in assigned book,1,True,,Electrical units and Ohm law
Exam 4,b4-c20-s1-q15,4,20,1,15,Copy of Book 4.pdf,304,490,Located in assigned book,2,True,,Electrical units and Ohm law
Exam 4,b4-c20-s1-q16,4,20,1,16,Copy of Book 4.pdf,304,490,Located in assigned book,2,True,,Electrical units and Ohm law
Exam 4,b4-c20-s1-q17,4,20,1,17,Copy of Book 4.pdf,304,490,Located in assigned book,3,True,,"Resistance, resistivity and mobility"
Exam 4,b4-c20-s1-q18,4,20,1,18,Copy of Book 4.pdf,305,491,Located in assigned book,2,True,,"Resistance, resistivity and mobility"
Exam 4,b4-c20-s1-q19,4,20,1,19,Copy of Book 4.pdf,305,491,Located in assigned book,3,True,,"Resistance, resistivity and mobility"
Exam 4,b4-c20-s1-q20,4,20,1,20,Copy of Book 4.pdf,305,491,Located in assigned book,4,True,,"Resistance, resistivity and mobility"
Exam 4,b4-c20-s1-q21,4,20,1,21,Copy of Book 4.pdf,305,491,Located in assigned book,3,True,,"Resistance, resistivity and mobility"
Exam 4,b4-c20-s1-q22,4,20,1,22,Copy of Book 4.pdf,306,492,Located in assigned book,3,True,,"Resistance, resistivity and mobility"
Exam 4,b4-c20-s1-q23,4,20,1,23,Copy of Book 4.pdf,306,492,Located in assigned book,3,True,,"Resistance, resistivity and mobility"
Exam 4,b4-c20-s1-q24,4,20,1,24,Copy of Book 4.pdf,306,492,Located in assigned book,3,True,,"Resistance, resistivity and mobility"
Exam 4,b4-c20-s1-q25,4,20,1,25,Copy of Book 4.pdf,306,492,Located in assigned book,2,True,,"Resistance, resistivity and mobility"
Exam 4,b4-c20-s1-q26,4,20,1,26,Copy of Book 4.pdf,307,493,Located in assigned book,2,True,,Bands and electrical transport
Exam 4,b4-c20-s1-q27,4,20,1,27,Copy of Book 4.pdf,307,493,Located in assigned book,1,True,,Bands and electrical transport
Exam 4,b4-c20-s1-q28,4,20,1,28,Copy of Book 4.pdf,307,493,Located in assigned book,2,True,,Bands and electrical transport
Exam 4,b4-c20-s1-q29,4,20,1,29,Copy of Book 4.pdf,307,493,Located in assigned book,4,True,,Bands and electrical transport
Exam 4,b4-c20-s1-q30,4,20,1,30,Copy of Book 4.pdf,307,493,Located in assigned book,4,True,,Bands and electrical transport
Exam 4,b4-c20-s2-q01,4,20,2,1,Copy of Book 4.pdf,309,495,Located in assigned book,2,True,,Bands and electrical transport
Exam 4,b4-c20-s2-q02,4,20,2,2,Copy of Book 4.pdf,309,495,Located in assigned book,2,True,,Bands and electrical transport
Exam 4,b4-c20-s2-q03,4,20,2,3,Copy of Book 4.pdf,309,495,Located in assigned book,1,True,,Bands and electrical transport
Exam 4,b4-c20-s2-q04,4,20,2,4,Copy of Book 4.pdf,309,495,Located in assigned book,3,True,,Bands and electrical transport
Exam 4,b4-c20-s2-q05,4,20,2,5,Copy of Book 4.pdf,310,496,Located in assigned book,3,True,,Bands and electrical transport
Exam 4,b4-c20-s2-q06,4,20,2,6,Copy of Book 4.pdf,310,496,Located in assigned book,1,True,,Bands and electrical transport
Exam 4,b4-c20-s2-q07,4,20,2,7,Copy of Book 4.pdf,310,496,Located in assigned book,3,True,,Bands and electrical transport
Exam 4,b4-c20-s2-q08,4,20,2,8,Copy of Book 4.pdf,310,496,Located in assigned book,3,True,,Bands and electrical transport
Exam 4,b4-c20-s2-q09,4,20,2,9,Copy of Book 4.pdf,310,496,Located in assigned book,1,True,,Bands and electrical transport
Exam 4,b4-c20-s2-q10,4,20,2,10,Copy of Book 4.pdf,311,497,Located in assigned book,2,True,,Bands and electrical transport
Exam 4,b4-c20-s2-q11,4,20,2,11,Copy of Book 4.pdf,311,497,Located in assigned book,2,True,,Bands and electrical transport
Exam 4,b4-c20-s2-q12,4,20,2,12,Copy of Book 4.pdf,311,497,Located in assigned book,1,True,,Bands and electrical transport
Exam 4,b4-c20-s2-q13,4,20,2,13,Copy of Book 4.pdf,311,497,Located in assigned book,2,True,,Bands and electrical transport
Exam 4,b4-c20-s2-q14,4,20,2,14,Copy of Book 4.pdf,311,497,Located in assigned book,1,True,,Bands and electrical transport
Exam 4,b4-c20-s2-q15,4,20,2,15,Copy of Book 4.pdf,312,498,Located in assigned book,3,True,,Bands and electrical transport
Exam 4,b4-c20-s2-q16,4,20,2,16,Copy of Book 4.pdf,312,498,Located in assigned book,1,True,,Bands and electrical transport
Exam 4,b4-c20-s2-q17,4,20,2,17,Copy of Book 4.pdf,312,498,Located in assigned book,2,True,,Bands and electrical transport
Exam 4,b4-c20-s2-q18,4,20,2,18,Copy of Book 4.pdf,312,498,Located in assigned book,2,False,The printed semiconductor conductivity range appears inconsistent with the broad semiconductor category; verify the exponents with the instructor.,Bands and electrical transport
Exam 4,b4-c20-s2-q19,4,20,2,19,Copy of Book 4.pdf,313,499,Located in assigned book,4,True,,Bands and electrical transport
Exam 4,b4-c20-s2-q20,4,20,2,20,Copy of Book 4.pdf,313,499,Located in assigned book,1,True,,Bands and electrical transport
Exam 4,b4-c20-s2-q21,4,20,2,21,Copy of Book 4.pdf,313,499,Located in assigned book,2,True,,Bands and electrical transport
Exam 4,b4-c20-s2-q22,4,20,2,22,Copy of Book 4.pdf,313,499,Located in assigned book,2,True,,Bands and electrical transport
Exam 4,b4-c20-s2-q23,4,20,2,23,Copy of Book 4.pdf,313,499,Located in assigned book,2,True,,Bands and electrical transport
Exam 4,b4-c20-s2-q24,4,20,2,24,Copy of Book 4.pdf,314,500,Located in assigned book,1,True,,Bands and electrical transport
Exam 4,b4-c20-s2-q25,4,20,2,25,Copy of Book 4.pdf,314,500,Located in assigned book,2,True,,Bands and electrical transport
Exam 4,b4-c20-s2-q26,4,20,2,26,Copy of Book 4.pdf,314,500,Located in assigned book,2,True,,Bands and electrical transport
Exam 4,b4-c20-s2-q27,4,20,2,27,Copy of Book 4.pdf,314,500,Located in assigned book,3,True,,Bands and electrical transport
Exam 4,b4-c20-s2-q28,4,20,2,28,Copy of Book 4.pdf,315,501,Located in assigned book,2,True,,Bands and electrical transport
Exam 4,b4-c20-s2-q29,4,20,2,29,Copy of Book 4.pdf,315,501,Located in assigned book,3,True,,Bands and electrical transport
Exam 4,b4-c20-s2-q30,4,20,2,30,Copy of Book 4.pdf,315,501,Located in assigned book,1,True,,Bands and electrical transport
Exam 4,b4-c20-s3-q01,4,20,3,1,Copy of Book 4.pdf,316,502,Located in assigned book,3,True,,Bands and electrical transport
Exam 4,b4-c20-s3-q02,4,20,3,2,Copy of Book 4.pdf,316,502,Located in assigned book,1,True,,Bands and electrical transport
Exam 4,b4-c20-s3-q14,4,20,3,14,Copy of Book 4.pdf,319,505,Located in assigned book,3,True,,Bands and electrical transport
Exam 4,b4-c20-s3-q16,4,20,3,16,Copy of Book 4.pdf,319,505,Located in assigned book,2,True,,Semiconductor types and carriers
Final Exam,b1-c1-s1-q01,1,1,1,1,Copy of Book 1.pdf,46,216,Original-book reference. The instructor-listed Book 5 review copy is missing from the supplied Book 5; equivalence to that copy is unverified.,1,True,,Purpose and selection
Final Exam,b1-c1-s1-q04,1,1,1,4,Copy of Book 1.pdf,47,217,Original-book reference. The instructor-listed Book 5 review copy is missing from the supplied Book 5; equivalence to that copy is unverified.,4,True,,Purpose and selection
Final Exam,b1-c1-s1-q19,1,1,1,19,Copy of Book 1.pdf,50,220,Original-book reference. The instructor-listed Book 5 review copy is missing from the supplied Book 5; equivalence to that copy is unverified.,4,True,,Material families
Final Exam,b1-c1-s1-q30,1,1,1,30,Copy of Book 1.pdf,53,223,Original-book reference. The instructor-listed Book 5 review copy is missing from the supplied Book 5; equivalence to that copy is unverified.,4,True,,Heat and electrical transport
Final Exam,b1-c2-s1-q01,1,2,1,1,Copy of Book 1.pdf,77,247,Original-book reference. The instructor-listed Book 5 review copy is missing from the supplied Book 5; equivalence to that copy is unverified.,1,True,,Atomic particles
Final Exam,b1-c2-s1-q11,1,2,1,11,Copy of Book 1.pdf,79,249,Original-book reference. The instructor-listed Book 5 review copy is missing from the supplied Book 5; equivalence to that copy is unverified.,1,True,,Periodic table applications
Final Exam,b1-c2-s1-q25,1,2,1,25,Copy of Book 1.pdf,82,252,Original-book reference. The instructor-listed Book 5 review copy is missing from the supplied Book 5; equivalence to that copy is unverified.,1,True,,Periodic table applications
Final Exam,b1-c2-s1-q30,1,2,1,30,Copy of Book 1.pdf,83,253,Original-book reference. The instructor-listed Book 5 review copy is missing from the supplied Book 5; equivalence to that copy is unverified.,2,True,,Quantum numbers
Final Exam,b1-c3-s1-q01,1,3,1,1,Copy of Book 1.pdf,115,285,Original-book reference. The instructor-listed Book 5 review copy is missing from the supplied Book 5; equivalence to that copy is unverified.,1,True,,Bond-property relationships
Final Exam,b1-c3-s1-q05,1,3,1,5,Copy of Book 1.pdf,116,286,Original-book reference. The instructor-listed Book 5 review copy is missing from the supplied Book 5; equivalence to that copy is unverified.,5,True,,Bond-property relationships
Final Exam,b1-c3-s1-q25,1,3,1,25,Copy of Book 1.pdf,121,291,Original-book reference. The instructor-listed Book 5 review copy is missing from the supplied Book 5; equivalence to that copy is unverified.,4,True,,Stress and strain
Final Exam,b1-c3-s1-q30,1,3,1,30,Copy of Book 1.pdf,122,292,Original-book reference. The instructor-listed Book 5 review copy is missing from the supplied Book 5; equivalence to that copy is unverified.,4,False,"The marked E-glass value appears ten times larger than manufacturer data. The source key is retained for reference, not used for mastery scoring.",Thermal expansion
Final Exam,b1-c4-s1-q01,1,4,1,1,Copy of Book 1.pdf,149,319,Original-book reference. The instructor-listed Book 5 review copy is missing from the supplied Book 5; equivalence to that copy is unverified.,5,True,,Crystal order
Final Exam,b1-c4-s1-q10,1,4,1,10,Copy of Book 1.pdf,151,321,Original-book reference. The instructor-listed Book 5 review copy is missing from the supplied Book 5; equivalence to that copy is unverified.,2,True,,Bravais lattices
Final Exam,b1-c4-s1-q25,1,4,1,25,Copy of Book 1.pdf,154,324,Original-book reference. The instructor-listed Book 5 review copy is missing from the supplied Book 5; equivalence to that copy is unverified.,5,True,,Crystal order
Final Exam,b1-c4-s1-q30,1,4,1,30,Copy of Book 1.pdf,155,325,Original-book reference. The instructor-listed Book 5 review copy is missing from the supplied Book 5; equivalence to that copy is unverified.,3,True,,Unit-cell geometry
Final Exam,b1-c5-s1-q01,1,5,1,1,Copy of Book 1.pdf,185,355,Original-book reference. The instructor-listed Book 5 review copy is missing from the supplied Book 5; equivalence to that copy is unverified.,2,True,,Coordinates and directions
Final Exam,b1-c5-s1-q24,1,5,1,24,Copy of Book 1.pdf,190,360,Original-book reference. The instructor-listed Book 5 review copy is missing from the supplied Book 5; equivalence to that copy is unverified.,3,True,,Packing and slip
Final Exam,b1-c5-s1-q27,1,5,1,27,Copy of Book 1.pdf,191,361,Original-book reference. The instructor-listed Book 5 review copy is missing from the supplied Book 5; equivalence to that copy is unverified.,1,True,,Direction notation
Final Exam,b1-c5-s1-q30,1,5,1,30,Copy of Book 1.pdf,192,362,Original-book reference. The instructor-listed Book 5 review copy is missing from the supplied Book 5; equivalence to that copy is unverified.,5,True,,Packing fraction
Final Exam,b2-c6-s1-q01,2,6,1,1,Copy of Book 2(1).pdf,127,318,Original-book reference. The instructor-listed Book 5 review copy is missing from the supplied Book 5; equivalence to that copy is unverified.,4,True,,Miller indices
Final Exam,b2-c6-s1-q05,2,6,1,5,Copy of Book 2(1).pdf,128,319,Original-book reference. The instructor-listed Book 5 review copy is missing from the supplied Book 5; equivalence to that copy is unverified.,2,True,,Miller indices
Final Exam,b2-c6-s1-q28,2,6,1,28,Copy of Book 2(1).pdf,133,324,Original-book reference. The instructor-listed Book 5 review copy is missing from the supplied Book 5; equivalence to that copy is unverified.,1,True,,Plane notation
Final Exam,b2-c6-s1-q30,2,6,1,30,Copy of Book 2(1).pdf,134,325,Original-book reference. The instructor-listed Book 5 review copy is missing from the supplied Book 5; equivalence to that copy is unverified.,2,True,,Slip systems
Final Exam,b2-c7-s1-q01,2,7,1,1,Copy of Book 2(1).pdf,157,349,Original-book reference. The instructor-listed Book 5 review copy is missing from the supplied Book 5; equivalence to that copy is unverified.,2,True,,Defect dimensions
Final Exam,b2-c7-s1-q02,2,7,1,2,Copy of Book 2(1).pdf,157,349,Original-book reference. The instructor-listed Book 5 review copy is missing from the supplied Book 5; equivalence to that copy is unverified.,3,True,,Defect dimensions
Final Exam,b2-c7-s1-q26,2,7,1,26,Copy of Book 2(1).pdf,163,355,Original-book reference. The instructor-listed Book 5 review copy is missing from the supplied Book 5; equivalence to that copy is unverified.,1,True,,Defect dimensions
Final Exam,b2-c7-s1-q30,2,7,1,30,Copy of Book 2(1).pdf,163,355,Original-book reference. The instructor-listed Book 5 review copy is missing from the supplied Book 5; equivalence to that copy is unverified.,2,True,,Defect dimensions
Final Exam,b2-c8-s1-q01,2,8,1,1,Copy of Book 2(1).pdf,195,387,Original-book reference. The instructor-listed Book 5 review copy is missing from the supplied Book 5; equivalence to that copy is unverified.,1,True,,Tensile-test measurements
Final Exam,b2-c8-s1-q03,2,8,1,3,Copy of Book 2(1).pdf,196,388,Original-book reference. The instructor-listed Book 5 review copy is missing from the supplied Book 5; equivalence to that copy is unverified.,3,True,,"Yield, strength and ductility"
Final Exam,b2-c8-s1-q09,2,8,1,9,Copy of Book 2(1).pdf,197,389,Original-book reference. The instructor-listed Book 5 review copy is missing from the supplied Book 5; equivalence to that copy is unverified.,1,True,,Plasticity and toughness
Final Exam,b2-c8-s1-q30,2,8,1,30,Copy of Book 2(1).pdf,202,394,Original-book reference. The instructor-listed Book 5 review copy is missing from the supplied Book 5; equivalence to that copy is unverified.,1,True,,Tensile-test measurements
Final Exam,b2-c9-s1-q01,2,9,1,1,Copy of Book 2(1).pdf,235,427,Original-book reference. The instructor-listed Book 5 review copy is missing from the supplied Book 5; equivalence to that copy is unverified.,4,True,,Failure mechanisms
Final Exam,b2-c9-s1-q05,2,9,1,5,Copy of Book 2(1).pdf,236,428,Original-book reference. The instructor-listed Book 5 review copy is missing from the supplied Book 5; equivalence to that copy is unverified.,4,True,,Failure mechanisms
Final Exam,b2-c9-s1-q09,2,9,1,9,Copy of Book 2(1).pdf,237,429,Original-book reference. The instructor-listed Book 5 review copy is missing from the supplied Book 5; equivalence to that copy is unverified.,3,True,,Ductile and brittle fracture
Final Exam,b2-c9-s1-q30,2,9,1,30,Copy of Book 2(1).pdf,242,434,Original-book reference. The instructor-listed Book 5 review copy is missing from the supplied Book 5; equivalence to that copy is unverified.,2,True,,Crack concentration and toughness
Final Exam,b2-c10-s1-q01,2,10,1,1,Copy of Book 2(1).pdf,277,469,Original-book reference. The instructor-listed Book 5 review copy is missing from the supplied Book 5; equivalence to that copy is unverified.,1,True,,Diffusion
Final Exam,b2-c10-s1-q05,2,10,1,5,Copy of Book 2(1).pdf,278,470,Original-book reference. The instructor-listed Book 5 review copy is missing from the supplied Book 5; equivalence to that copy is unverified.,5,True,,Diffusion
Final Exam,b2-c10-s1-q29,2,10,1,29,Copy of Book 2(1).pdf,283,475,Original-book reference. The instructor-listed Book 5 review copy is missing from the supplied Book 5; equivalence to that copy is unverified.,2,True,,Diffusion
Final Exam,b2-c10-s1-q30,2,10,1,30,Copy of Book 2(1).pdf,284,476,Original-book reference. The instructor-listed Book 5 review copy is missing from the supplied Book 5; equivalence to that copy is unverified.,3,True,,Diffusion
Final Exam,b3-c11-s1-q01,3,11,1,1,Copy of Book 3.pdf,120,300,Original-book reference. The instructor-listed Book 5 review copy is missing from the supplied Book 5; equivalence to that copy is unverified.,2,True,,Strengthening mechanisms
Final Exam,b3-c11-s1-q21,3,11,1,21,Copy of Book 3.pdf,125,305,Original-book reference. The instructor-listed Book 5 review copy is missing from the supplied Book 5; equivalence to that copy is unverified.,3,True,,Strengthening mechanisms
Final Exam,b3-c11-s1-q24,3,11,1,24,Copy of Book 3.pdf,125,305,Original-book reference. The instructor-listed Book 5 review copy is missing from the supplied Book 5; equivalence to that copy is unverified.,4,True,,Strengthening mechanisms
Final Exam,b3-c11-s1-q30,3,11,1,30,Copy of Book 3.pdf,127,307,Original-book reference. The instructor-listed Book 5 review copy is missing from the supplied Book 5; equivalence to that copy is unverified.,1,True,,Strengthening mechanisms
Final Exam,b3-c12-s1-q01,3,12,1,1,Copy of Book 3.pdf,155,335,Original-book reference. The instructor-listed Book 5 review copy is missing from the supplied Book 5; equivalence to that copy is unverified.,1,True,,Solubility and saturation
Final Exam,b3-c12-s1-q04,3,12,1,4,Copy of Book 3.pdf,156,336,Original-book reference. The instructor-listed Book 5 review copy is missing from the supplied Book 5; equivalence to that copy is unverified.,4,True,,Reading phase diagrams
Final Exam,b3-c12-s1-q14,3,12,1,14,Copy of Book 3.pdf,158,338,Original-book reference. The instructor-listed Book 5 review copy is missing from the supplied Book 5; equivalence to that copy is unverified.,4,True,,Reading phase diagrams
Final Exam,b3-c12-s1-q30,3,12,1,30,Copy of Book 3.pdf,162,342,Original-book reference. The instructor-listed Book 5 review copy is missing from the supplied Book 5; equivalence to that copy is unverified.,4,True,,Solubility and saturation
Final Exam,b3-c13-s1-q01,3,13,1,1,Copy of Book 3.pdf,191,371,Original-book reference. The instructor-listed Book 5 review copy is missing from the supplied Book 5; equivalence to that copy is unverified.,3,True,,Reading phase diagrams
Final Exam,b3-c13-s1-q19,3,13,1,19,Copy of Book 3.pdf,196,376,Original-book reference. The instructor-listed Book 5 review copy is missing from the supplied Book 5; equivalence to that copy is unverified.,3,True,,Eutectic microstructures
Final Exam,b3-c13-s1-q22,3,13,1,22,Copy of Book 3.pdf,196,376,Original-book reference. The instructor-listed Book 5 review copy is missing from the supplied Book 5; equivalence to that copy is unverified.,2,True,,Strengthening mechanisms
Final Exam,b3-c13-s1-q30,3,13,1,30,Copy of Book 3.pdf,198,378,Original-book reference. The instructor-listed Book 5 review copy is missing from the supplied Book 5; equivalence to that copy is unverified.,1,True,,Phase names and compounds
Final Exam,b3-c14-s1-q01,3,14,1,1,Copy of Book 3.pdf,225,405,Original-book reference. The instructor-listed Book 5 review copy is missing from the supplied Book 5; equivalence to that copy is unverified.,2,True,,Reading phase diagrams
Final Exam,b3-c14-s1-q11,3,14,1,11,Copy of Book 3.pdf,227,407,Original-book reference. The instructor-listed Book 5 review copy is missing from the supplied Book 5; equivalence to that copy is unverified.,2,True,,Steel microstructures
Final Exam,b3-c14-s1-q17,3,14,1,17,Copy of Book 3.pdf,229,409,Original-book reference. The instructor-listed Book 5 review copy is missing from the supplied Book 5; equivalence to that copy is unverified.,3,True,,Eutectic microstructures
Final Exam,b3-c14-s1-q30,3,14,1,30,Copy of Book 3.pdf,231,411,Original-book reference. The instructor-listed Book 5 review copy is missing from the supplied Book 5; equivalence to that copy is unverified.,1,True,,Steel designations and properties
Final Exam,b3-c15-s1-q01,3,15,1,1,Copy of Book 3.pdf,259,439,Original-book reference. The instructor-listed Book 5 review copy is missing from the supplied Book 5; equivalence to that copy is unverified.,1,True,,Transformation kinetics and TTT
Final Exam,b3-c15-s1-q15,3,15,1,15,Copy of Book 3.pdf,262,442,Original-book reference. The instructor-listed Book 5 review copy is missing from the supplied Book 5; equivalence to that copy is unverified.,2,True,,Transformation kinetics and TTT
Final Exam,b3-c15-s1-q21,3,15,1,21,Copy of Book 3.pdf,264,444,Original-book reference. The instructor-listed Book 5 review copy is missing from the supplied Book 5; equivalence to that copy is unverified.,3,True,,Pearlite and bainite
Final Exam,b3-c15-s1-q30,3,15,1,30,Copy of Book 3.pdf,266,446,Original-book reference. The instructor-listed Book 5 review copy is missing from the supplied Book 5; equivalence to that copy is unverified.,3,True,,Transformation kinetics and TTT
Final Exam,b4-c16-s1-q01,4,16,1,1,Copy of Book 4.pdf,156,342,Original-book reference. The instructor-listed Book 5 review copy is missing from the supplied Book 5; equivalence to that copy is unverified.,3,True,,Precipitation hardening
Final Exam,b4-c16-s1-q08,4,16,1,8,Copy of Book 4.pdf,158,344,Original-book reference. The instructor-listed Book 5 review copy is missing from the supplied Book 5; equivalence to that copy is unverified.,5,True,,Martensite
Final Exam,b4-c16-s1-q26,4,16,1,26,Copy of Book 4.pdf,162,348,Original-book reference. The instructor-listed Book 5 review copy is missing from the supplied Book 5; equivalence to that copy is unverified.,1,True,,Aging time and coherency
Final Exam,b4-c16-s1-q30,4,16,1,30,Copy of Book 4.pdf,163,349,Original-book reference. The instructor-listed Book 5 review copy is missing from the supplied Book 5; equivalence to that copy is unverified.,2,True,,Aging time and coherency
Final Exam,b4-c17-s1-q01,4,17,1,1,Copy of Book 4.pdf,188,374,Original-book reference. The instructor-listed Book 5 review copy is missing from the supplied Book 5; equivalence to that copy is unverified.,2,True,,Polymer structure classes
Final Exam,b4-c17-s1-q19,4,17,1,19,Copy of Book 4.pdf,192,378,Original-book reference. The instructor-listed Book 5 review copy is missing from the supplied Book 5; equivalence to that copy is unverified.,4,True,,Polymer chains and repeat units
Final Exam,b4-c17-s1-q25,4,17,1,25,Copy of Book 4.pdf,193,379,Original-book reference. The instructor-listed Book 5 review copy is missing from the supplied Book 5; equivalence to that copy is unverified.,2,True,,Polymer chains and repeat units
Final Exam,b4-c17-s1-q30,4,17,1,30,Copy of Book 4.pdf,194,380,Original-book reference. The instructor-listed Book 5 review copy is missing from the supplied Book 5; equivalence to that copy is unverified.,2,True,,Polymer chains and repeat units
Final Exam,b4-c18-s1-q01,4,18,1,1,Copy of Book 4.pdf,229,415,Original-book reference. The instructor-listed Book 5 review copy is missing from the supplied Book 5; equivalence to that copy is unverified.,2,True,,Polymer structure classes
Final Exam,b4-c18-s1-q02,4,18,1,2,Copy of Book 4.pdf,229,415,Original-book reference. The instructor-listed Book 5 review copy is missing from the supplied Book 5; equivalence to that copy is unverified.,2,True,,Glass transition and rate effects
Final Exam,b4-c18-s1-q29,4,18,1,29,Copy of Book 4.pdf,235,421,Original-book reference. The instructor-listed Book 5 review copy is missing from the supplied Book 5; equivalence to that copy is unverified.,3,True,,Polymer structure classes
Final Exam,b4-c18-s1-q30,4,18,1,30,Copy of Book 4.pdf,235,421,Original-book reference. The instructor-listed Book 5 review copy is missing from the supplied Book 5; equivalence to that copy is unverified.,1,True,,Polymer processing
Final Exam,b4-c19-s1-q01,4,19,1,1,Copy of Book 4.pdf,265,451,Original-book reference. The instructor-listed Book 5 review copy is missing from the supplied Book 5; equivalence to that copy is unverified.,5,True,,Polymer structure classes
Final Exam,b4-c19-s1-q21,4,19,1,21,Copy of Book 4.pdf,270,456,Original-book reference. The instructor-listed Book 5 review copy is missing from the supplied Book 5; equivalence to that copy is unverified.,1,True,,Glass transition and rate effects
Final Exam,b4-c19-s1-q24,4,19,1,24,Copy of Book 4.pdf,270,456,Original-book reference. The instructor-listed Book 5 review copy is missing from the supplied Book 5; equivalence to that copy is unverified.,5,True,,Glass transition and rate effects
Final Exam,b4-c19-s1-q30,4,19,1,30,Copy of Book 4.pdf,272,458,Original-book reference. The instructor-listed Book 5 review copy is missing from the supplied Book 5; equivalence to that copy is unverified.,3,True,,Polymer structure classes
Final Exam,b4-c20-s1-q01,4,20,1,1,Copy of Book 4.pdf,301,487,Original-book reference. The instructor-listed Book 5 review copy is missing from the supplied Book 5; equivalence to that copy is unverified.,2,True,,Bands and electrical transport
Final Exam,b4-c20-s1-q04,4,20,1,4,Copy of Book 4.pdf,302,488,Original-book reference. The instructor-listed Book 5 review copy is missing from the supplied Book 5; equivalence to that copy is unverified.,2,True,,Bands and electrical transport
Final Exam,b4-c20-s1-q25,4,20,1,25,Copy of Book 4.pdf,306,492,Original-book reference. The instructor-listed Book 5 review copy is missing from the supplied Book 5; equivalence to that copy is unverified.,2,True,,"Resistance, resistivity and mobility"
Final Exam,b4-c20-s1-q30,4,20,1,30,Copy of Book 4.pdf,307,493,Original-book reference. The instructor-listed Book 5 review copy is missing from the supplied Book 5; equivalence to that copy is unverified.,4,True,,Bands and electrical transport
Final Exam,b5-c21-s1-q01,5,21,1,1,Copy of Book 5.pdf,124,285,Located in assigned book,1,True,,Semiconductor types and carriers
Final Exam,b5-c21-s1-q02,5,21,1,2,Copy of Book 5.pdf,124,285,Located in assigned book,2,True,,Semiconductor types and carriers
Final Exam,b5-c21-s1-q03,5,21,1,3,Copy of Book 5.pdf,125,286,Located in assigned book,3,True,,Semiconductor types and carriers
Final Exam,b5-c21-s1-q04,5,21,1,4,Copy of Book 5.pdf,125,286,Located in assigned book,2,True,,Semiconductor types and carriers
Final Exam,b5-c21-s1-q05,5,21,1,5,Copy of Book 5.pdf,125,286,Located in assigned book,3,True,,Semiconductor types and carriers
Final Exam,b5-c21-s1-q06,5,21,1,6,Copy of Book 5.pdf,125,286,Located in assigned book,4,True,,Semiconductor types and carriers
Final Exam,b5-c21-s1-q07,5,21,1,7,Copy of Book 5.pdf,125,286,Located in assigned book,5,True,,Semiconductor types and carriers
Final Exam,b5-c21-s1-q08,5,21,1,8,Copy of Book 5.pdf,126,287,Located in assigned book,1,True,,Semiconductor types and carriers
Final Exam,b5-c21-s1-q09,5,21,1,9,Copy of Book 5.pdf,126,287,Located in assigned book,2,True,,Semiconductor types and carriers
Final Exam,b5-c21-s1-q10,5,21,1,10,Copy of Book 5.pdf,126,287,Located in assigned book,3,True,,Semiconductor types and carriers
Final Exam,b5-c21-s1-q11,5,21,1,11,Copy of Book 5.pdf,126,287,Located in assigned book,2,True,,Semiconductor types and carriers
Final Exam,b5-c21-s1-q12,5,21,1,12,Copy of Book 5.pdf,126,287,Located in assigned book,4,True,,Semiconductor temperature regimes
Final Exam,b5-c21-s1-q13,5,21,1,13,Copy of Book 5.pdf,127,288,Located in assigned book,2,True,,Semiconductor temperature regimes
Final Exam,b5-c21-s1-q14,5,21,1,14,Copy of Book 5.pdf,127,288,Located in assigned book,3,True,,Semiconductor temperature regimes
Final Exam,b5-c21-s1-q15,5,21,1,15,Copy of Book 5.pdf,127,288,Located in assigned book,2,True,,Semiconductor temperature regimes
Final Exam,b5-c21-s1-q16,5,21,1,16,Copy of Book 5.pdf,127,288,Located in assigned book,3,True,,Semiconductor temperature regimes
Final Exam,b5-c21-s1-q17,5,21,1,17,Copy of Book 5.pdf,128,289,Located in assigned book,2,True,,Semiconductor temperature regimes
Final Exam,b5-c21-s1-q18,5,21,1,18,Copy of Book 5.pdf,128,289,Located in assigned book,3,True,,Semiconductor temperature regimes
Final Exam,b5-c21-s1-q19,5,21,1,19,Copy of Book 5.pdf,128,289,Located in assigned book,3,True,,Semiconductor temperature regimes
Final Exam,b5-c21-s1-q20,5,21,1,20,Copy of Book 5.pdf,128,289,Located in assigned book,1,True,,Semiconductor temperature regimes
Final Exam,b5-c21-s1-q21,5,21,1,21,Copy of Book 5.pdf,129,290,Located in assigned book,2,False,The intrinsic carrier-concentration exponential needs verification: a carrier concentration and a full-gap excitation probability do not have the same exponent.,Semiconductor temperature regimes
Final Exam,b5-c21-s1-q22,5,21,1,22,Copy of Book 5.pdf,129,290,Located in assigned book,3,True,,Semiconductor temperature regimes
Final Exam,b5-c21-s1-q23,5,21,1,23,Copy of Book 5.pdf,129,290,Located in assigned book,2,True,,Semiconductor temperature regimes
Final Exam,b5-c21-s1-q24,5,21,1,24,Copy of Book 5.pdf,129,290,Located in assigned book,4,True,,Semiconductor temperature regimes
Final Exam,b5-c21-s1-q25,5,21,1,25,Copy of Book 5.pdf,129,290,Located in assigned book,2,True,,Semiconductor types and carriers
Final Exam,b5-c21-s1-q26,5,21,1,26,Copy of Book 5.pdf,130,291,Located in assigned book,3,True,,Semiconductor types and carriers
Final Exam,b5-c21-s1-q27,5,21,1,27,Copy of Book 5.pdf,130,291,Located in assigned book,2,True,,Semiconductor types and carriers
Final Exam,b5-c21-s1-q28,5,21,1,28,Copy of Book 5.pdf,130,291,Located in assigned book,1,True,,Semiconductor types and carriers
Final Exam,b5-c21-s1-q29,5,21,1,29,Copy of Book 5.pdf,130,291,Located in assigned book,4,True,,Semiconductor types and carriers
Final Exam,b5-c21-s1-q30,5,21,1,30,Copy of Book 5.pdf,131,292,Located in assigned book,2,True,,Semiconductor types and carriers
Final Exam,b5-c21-s2-q01,5,21,2,1,Copy of Book 5.pdf,132,293,Located in assigned book,2,True,,Semiconductor types and carriers
Final Exam,b5-c21-s2-q02,5,21,2,2,Copy of Book 5.pdf,132,293,Located in assigned book,3,True,,Semiconductor types and carriers
Final Exam,b5-c21-s2-q03,5,21,2,3,Copy of Book 5.pdf,132,293,Located in assigned book,1,True,,Semiconductor types and carriers
Final Exam,b5-c21-s2-q04,5,21,2,4,Copy of Book 5.pdf,132,293,Located in assigned book,2,True,,Semiconductor types and carriers
Final Exam,b5-c21-s2-q05,5,21,2,5,Copy of Book 5.pdf,133,294,Located in assigned book,1,True,,Semiconductor types and carriers
Final Exam,b5-c21-s2-q06,5,21,2,6,Copy of Book 5.pdf,133,294,Located in assigned book,5,True,,Semiconductor types and carriers
Final Exam,b5-c21-s2-q07,5,21,2,7,Copy of Book 5.pdf,133,294,Located in assigned book,2,True,,Semiconductor types and carriers
Final Exam,b5-c21-s2-q08,5,21,2,8,Copy of Book 5.pdf,133,294,Located in assigned book,3,False,The source prints MeV for shallow dopant energies. The unit capitalization and the simple kT threshold require correction or clarification.,Semiconductor temperature regimes
Final Exam,b5-c21-s2-q09,5,21,2,9,Copy of Book 5.pdf,134,295,Located in assigned book,3,True,,Semiconductor temperature regimes
Final Exam,b5-c21-s2-q10,5,21,2,10,Copy of Book 5.pdf,134,295,Located in assigned book,4,True,,Semiconductor temperature regimes
Final Exam,b5-c21-s2-q11,5,21,2,11,Copy of Book 5.pdf,134,295,Located in assigned book,2,True,,Semiconductor types and carriers
Final Exam,b5-c21-s2-q12,5,21,2,12,Copy of Book 5.pdf,134,295,Located in assigned book,2,True,,Semiconductor types and carriers
Final Exam,b5-c21-s2-q13,5,21,2,13,Copy of Book 5.pdf,134,295,Located in assigned book,1,True,,Semiconductor types and carriers
Final Exam,b5-c21-s2-q14,5,21,2,14,Copy of Book 5.pdf,135,296,Located in assigned book,1,True,,Semiconductor types and carriers
Final Exam,b5-c21-s2-q15,5,21,2,15,Copy of Book 5.pdf,135,296,Located in assigned book,2,True,,Semiconductor types and carriers
Final Exam,b5-c21-s2-q16,5,21,2,16,Copy of Book 5.pdf,135,296,Located in assigned book,3,True,,Semiconductor types and carriers
Final Exam,b5-c21-s2-q17,5,21,2,17,Copy of Book 5.pdf,135,296,Located in assigned book,2,True,,Semiconductor types and carriers
Final Exam,b5-c21-s2-q18,5,21,2,18,Copy of Book 5.pdf,136,297,Located in assigned book,2,True,,Semiconductor types and carriers
Final Exam,b5-c21-s2-q19,5,21,2,19,Copy of Book 5.pdf,136,297,Located in assigned book,3,False,The source prints MeV for shallow dopant energies. The unit capitalization and the simple kT threshold require correction or clarification.,Semiconductor temperature regimes
Final Exam,b5-c21-s2-q20,5,21,2,20,Copy of Book 5.pdf,136,297,Located in assigned book,3,True,,Semiconductor temperature regimes
Final Exam,b5-c21-s2-q21,5,21,2,21,Copy of Book 5.pdf,136,297,Located in assigned book,4,False,The printed acceptor-saturation choice describes donation to the conduction band. That conflicts with accepting valence-band electrons to create holes.,Semiconductor temperature regimes
Final Exam,b5-c21-s2-q22,5,21,2,22,Copy of Book 5.pdf,137,298,Located in assigned book,3,True,,Semiconductor types and carriers
Final Exam,b5-c21-s2-q23,5,21,2,23,Copy of Book 5.pdf,137,298,Located in assigned book,2,True,,Semiconductor types and carriers
Final Exam,b5-c21-s2-q24,5,21,2,24,Copy of Book 5.pdf,137,298,Located in assigned book,3,True,,Semiconductor temperature regimes
Final Exam,b5-c21-s2-q25,5,21,2,25,Copy of Book 5.pdf,137,298,Located in assigned book,3,True,,Semiconductor temperature regimes
Final Exam,b5-c21-s2-q26,5,21,2,26,Copy of Book 5.pdf,137,298,Located in assigned book,3,True,,Semiconductor temperature regimes
Final Exam,b5-c21-s2-q27,5,21,2,27,Copy of Book 5.pdf,138,299,Located in assigned book,4,True,,Semiconductor temperature regimes
Final Exam,b5-c21-s2-q28,5,21,2,28,Copy of Book 5.pdf,138,299,Located in assigned book,3,True,,Semiconductor temperature regimes
Final Exam,b5-c21-s2-q29,5,21,2,29,Copy of Book 5.pdf,138,299,Located in assigned book,,False,No single answer mark is available in the source: no choice is bold. The item is recorded but ungraded.,Semiconductor temperature regimes
Final Exam,b5-c21-s2-q30,5,21,2,30,Copy of Book 5.pdf,138,299,Located in assigned book,3,True,,Semiconductor temperature regimes
Final Exam,b5-c22-s1-q01,5,22,1,1,Copy of Book 5.pdf,163,324,Located in assigned book,1,True,,Glass families and modifiers
Final Exam,b5-c22-s1-q02,5,22,1,2,Copy of Book 5.pdf,163,324,Located in assigned book,2,True,,Glass families and modifiers
Final Exam,b5-c22-s1-q03,5,22,1,3,Copy of Book 5.pdf,164,325,Located in assigned book,3,True,,Glass families and modifiers
Final Exam,b5-c22-s1-q04,5,22,1,4,Copy of Book 5.pdf,164,325,Located in assigned book,2,True,,Glass families and modifiers
Final Exam,b5-c22-s1-q05,5,22,1,5,Copy of Book 5.pdf,164,325,Located in assigned book,3,True,,Glass families and modifiers
Final Exam,b5-c22-s1-q06,5,22,1,6,Copy of Book 5.pdf,164,325,Located in assigned book,2,True,,Glass families and modifiers
Final Exam,b5-c22-s1-q07,5,22,1,7,Copy of Book 5.pdf,164,325,Located in assigned book,3,True,,Glass families and modifiers
Final Exam,b5-c22-s1-q08,5,22,1,8,Copy of Book 5.pdf,165,326,Located in assigned book,4,True,,Glass families and modifiers
Final Exam,b5-c22-s1-q09,5,22,1,9,Copy of Book 5.pdf,165,326,Located in assigned book,3,True,,Glass families and modifiers
Final Exam,b5-c22-s1-q10,5,22,1,10,Copy of Book 5.pdf,165,326,Located in assigned book,4,True,,Glass families and modifiers
Final Exam,b5-c22-s1-q11,5,22,1,11,Copy of Book 5.pdf,165,326,Located in assigned book,2,True,,Glass families and modifiers
Final Exam,b5-c22-s1-q12,5,22,1,12,Copy of Book 5.pdf,165,326,Located in assigned book,4,False,The oxide formula NaO2 in the source appears to be a typo relative to Na2O used elsewhere in the chapter.,Glass families and modifiers
Final Exam,b5-c22-s1-q13,5,22,1,13,Copy of Book 5.pdf,166,327,Located in assigned book,1,True,,Glass families and modifiers
Final Exam,b5-c22-s1-q14,5,22,1,14,Copy of Book 5.pdf,166,327,Located in assigned book,3,True,,Glass families and modifiers
Final Exam,b5-c22-s1-q15,5,22,1,15,Copy of Book 5.pdf,166,327,Located in assigned book,2,True,,Glass families and modifiers
Final Exam,b5-c22-s1-q16,5,22,1,16,Copy of Book 5.pdf,166,327,Located in assigned book,5,True,,Glass families and modifiers
Final Exam,b5-c22-s1-q17,5,22,1,17,Copy of Book 5.pdf,167,328,Located in assigned book,2,True,,Glass families and modifiers
Final Exam,b5-c22-s1-q18,5,22,1,18,Copy of Book 5.pdf,167,328,Located in assigned book,1,True,,Glass families and modifiers
Final Exam,b5-c22-s1-q19,5,22,1,19,Copy of Book 5.pdf,167,328,Located in assigned book,2,True,,Glass families and modifiers
Final Exam,b5-c22-s1-q20,5,22,1,20,Copy of Book 5.pdf,167,328,Located in assigned book,3,True,,Glass families and modifiers
Final Exam,b5-c22-s1-q21,5,22,1,21,Copy of Book 5.pdf,167,328,Located in assigned book,3,True,,Glass families and modifiers
Final Exam,b5-c22-s1-q22,5,22,1,22,Copy of Book 5.pdf,168,329,Located in assigned book,3,True,,Glass families and modifiers
Final Exam,b5-c22-s1-q23,5,22,1,23,Copy of Book 5.pdf,168,329,Located in assigned book,4,True,,Glass families and modifiers
Final Exam,b5-c22-s1-q24,5,22,1,24,Copy of Book 5.pdf,168,329,Located in assigned book,2,True,,Glass families and modifiers
Final Exam,b5-c22-s1-q25,5,22,1,25,Copy of Book 5.pdf,168,329,Located in assigned book,1,True,,Glass families and modifiers
Final Exam,b5-c22-s1-q26,5,22,1,26,Copy of Book 5.pdf,169,330,Located in assigned book,2,True,,Glass families and modifiers
Final Exam,b5-c22-s1-q27,5,22,1,27,Copy of Book 5.pdf,169,330,Located in assigned book,1,True,,Glass families and modifiers
Final Exam,b5-c22-s1-q28,5,22,1,28,Copy of Book 5.pdf,169,330,Located in assigned book,2,True,,Glass families and modifiers
Final Exam,b5-c22-s1-q29,5,22,1,29,Copy of Book 5.pdf,169,330,Located in assigned book,2,True,,Glass families and modifiers
Final Exam,b5-c22-s1-q30,5,22,1,30,Copy of Book 5.pdf,169,330,Located in assigned book,2,True,,Glass families and modifiers
Final Exam,b5-c22-s2-q01,5,22,2,1,Copy of Book 5.pdf,171,332,Located in assigned book,2,True,,Glass families and modifiers
Final Exam,b5-c22-s2-q02,5,22,2,2,Copy of Book 5.pdf,171,332,Located in assigned book,3,True,,Glass families and modifiers
Final Exam,b5-c22-s2-q03,5,22,2,3,Copy of Book 5.pdf,171,332,Located in assigned book,1,True,,Glass families and modifiers
Final Exam,b5-c22-s2-q04,5,22,2,4,Copy of Book 5.pdf,171,332,Located in assigned book,4,True,,Glass families and modifiers
Final Exam,b5-c22-s2-q05,5,22,2,5,Copy of Book 5.pdf,172,333,Located in assigned book,2,True,,Glass families and modifiers
Final Exam,b5-c22-s2-q06,5,22,2,6,Copy of Book 5.pdf,172,333,Located in assigned book,1,True,,Glass families and modifiers
Final Exam,b5-c22-s2-q07,5,22,2,7,Copy of Book 5.pdf,172,333,Located in assigned book,3,True,,Glass families and modifiers
Final Exam,b5-c22-s2-q08,5,22,2,8,Copy of Book 5.pdf,172,333,Located in assigned book,4,True,,Glass families and modifiers
Final Exam,b5-c22-s2-q09,5,22,2,9,Copy of Book 5.pdf,172,333,Located in assigned book,2,True,,Glass viscosity and forming
Final Exam,b5-c22-s2-q10,5,22,2,10,Copy of Book 5.pdf,173,334,Located in assigned book,4,True,,Glass viscosity and forming
Final Exam,b5-c22-s2-q11,5,22,2,11,Copy of Book 5.pdf,173,334,Located in assigned book,1,True,,Glass viscosity and forming
Final Exam,b5-c22-s2-q12,5,22,2,12,Copy of Book 5.pdf,173,334,Located in assigned book,2,True,,Glass viscosity and forming
Final Exam,b5-c22-s2-q13,5,22,2,13,Copy of Book 5.pdf,173,334,Located in assigned book,2,True,,Glass viscosity and forming
Final Exam,b5-c22-s2-q14,5,22,2,14,Copy of Book 5.pdf,174,335,Located in assigned book,1,True,,Glass viscosity and forming
Final Exam,b5-c22-s2-q15,5,22,2,15,Copy of Book 5.pdf,174,335,Located in assigned book,2,True,,Glass viscosity and forming
Final Exam,b5-c22-s2-q16,5,22,2,16,Copy of Book 5.pdf,174,335,Located in assigned book,3,True,,Glass viscosity and forming
Final Exam,b5-c22-s2-q17,5,22,2,17,Copy of Book 5.pdf,174,335,Located in assigned book,3,True,,Glass viscosity and forming
Final Exam,b5-c22-s2-q18,5,22,2,18,Copy of Book 5.pdf,174,335,Located in assigned book,2,True,,Glass viscosity and forming
Final Exam,b5-c22-s2-q19,5,22,2,19,Copy of Book 5.pdf,175,336,Located in assigned book,4,True,,Glass viscosity and forming
Final Exam,b5-c22-s2-q20,5,22,2,20,Copy of Book 5.pdf,175,336,Located in assigned book,3,True,,Glass viscosity and forming
Final Exam,b5-c22-s2-q21,5,22,2,21,Copy of Book 5.pdf,175,336,Located in assigned book,2,True,,Glass viscosity and forming
Final Exam,b5-c22-s2-q22,5,22,2,22,Copy of Book 5.pdf,175,336,Located in assigned book,1,True,,Glass viscosity and forming
Final Exam,b5-c22-s2-q23,5,22,2,23,Copy of Book 5.pdf,176,337,Located in assigned book,2,True,,Glass viscosity and forming
Final Exam,b5-c22-s2-q24,5,22,2,24,Copy of Book 5.pdf,176,337,Located in assigned book,3,True,,Glass viscosity and forming
Final Exam,b5-c22-s2-q25,5,22,2,25,Copy of Book 5.pdf,176,337,Located in assigned book,4,True,,Glass viscosity and forming
Final Exam,b5-c22-s2-q26,5,22,2,26,Copy of Book 5.pdf,176,337,Located in assigned book,5,True,,Glass viscosity and forming
Final Exam,b5-c22-s2-q27,5,22,2,27,Copy of Book 5.pdf,176,337,Located in assigned book,4,True,,Glass viscosity and forming
Final Exam,b5-c22-s2-q28,5,22,2,28,Copy of Book 5.pdf,177,338,Located in assigned book,1,True,,Glass viscosity and forming
Final Exam,b5-c22-s2-q29,5,22,2,29,Copy of Book 5.pdf,177,338,Located in assigned book,2,True,,Glass viscosity and forming
Final Exam,b5-c22-s2-q30,5,22,2,30,Copy of Book 5.pdf,177,338,Located in assigned book,3,True,,Glass viscosity and forming
Final Exam,b5-c23-s1-q01,5,23,1,1,Copy of Book 5.pdf,204,365,Located in assigned book,1,True,,Ceramic bonding and charge balance
Final Exam,b5-c23-s1-q02,5,23,1,2,Copy of Book 5.pdf,204,365,Located in assigned book,2,True,,Ceramic bonding and charge balance
Final Exam,b5-c23-s1-q03,5,23,1,3,Copy of Book 5.pdf,205,366,Located in assigned book,3,True,,Ceramic bonding and charge balance
Final Exam,b5-c23-s1-q04,5,23,1,4,Copy of Book 5.pdf,205,366,Located in assigned book,4,True,,Ceramic bonding and charge balance
Final Exam,b5-c23-s1-q05,5,23,1,5,Copy of Book 5.pdf,205,366,Located in assigned book,5,True,,Ceramic bonding and charge balance
Final Exam,b5-c23-s1-q06,5,23,1,6,Copy of Book 5.pdf,205,366,Located in assigned book,1,True,,Ceramic bonding and charge balance
Final Exam,b5-c23-s1-q07,5,23,1,7,Copy of Book 5.pdf,205,366,Located in assigned book,2,True,,Ceramic bonding and charge balance
Final Exam,b5-c23-s1-q08,5,23,1,8,Copy of Book 5.pdf,206,367,Located in assigned book,1,True,,Ceramic bonding and charge balance
Final Exam,b5-c23-s1-q09,5,23,1,9,Copy of Book 5.pdf,206,367,Located in assigned book,3,True,,Ceramic bonding and charge balance
Final Exam,b5-c23-s1-q10,5,23,1,10,Copy of Book 5.pdf,206,367,Located in assigned book,4,False,A small cation can be stable with a lower coordination number. The particular surrounding-ion geometry is needed for the absolute stability claim.,Ceramic bonding and charge balance
Final Exam,b5-c23-s1-q11,5,23,1,11,Copy of Book 5.pdf,206,367,Located in assigned book,4,True,,Ceramic bonding and charge balance
Final Exam,b5-c23-s1-q12,5,23,1,12,Copy of Book 5.pdf,207,368,Located in assigned book,1,True,,Ceramic bonding and charge balance
Final Exam,b5-c23-s1-q13,5,23,1,13,Copy of Book 5.pdf,207,368,Located in assigned book,1,True,,Ceramic bonding and charge balance
Final Exam,b5-c23-s1-q14,5,23,1,14,Copy of Book 5.pdf,207,368,Located in assigned book,1,True,,Ceramic bonding and charge balance
Final Exam,b5-c23-s1-q15,5,23,1,15,Copy of Book 5.pdf,207,368,Located in assigned book,2,True,,Ceramic bonding and charge balance
Final Exam,b5-c23-s1-q16,5,23,1,16,Copy of Book 5.pdf,208,369,Located in assigned book,1,True,,Ceramic bonding and charge balance
Final Exam,b5-c23-s1-q17,5,23,1,17,Copy of Book 5.pdf,208,369,Located in assigned book,2,True,,Ceramic bonding and charge balance
Final Exam,b5-c23-s1-q18,5,23,1,18,Copy of Book 5.pdf,208,369,Located in assigned book,2,True,,Ceramic bonding and charge balance
Final Exam,b5-c23-s1-q19,5,23,1,19,Copy of Book 5.pdf,208,369,Located in assigned book,1,True,,Ceramic bonding and charge balance
Final Exam,b5-c23-s1-q20,5,23,1,20,Copy of Book 5.pdf,208,369,Located in assigned book,3,True,,Ceramic bonding and charge balance
Final Exam,b5-c23-s1-q21,5,23,1,21,Copy of Book 5.pdf,209,370,Located in assigned book,4,True,,Ceramic bonding and charge balance
Final Exam,b5-c23-s1-q22,5,23,1,22,Copy of Book 5.pdf,209,370,Located in assigned book,1,True,,Ceramic bonding and charge balance
Final Exam,b5-c23-s1-q23,5,23,1,23,Copy of Book 5.pdf,209,370,Located in assigned book,2,True,,Ceramic bonding and charge balance
Final Exam,b5-c23-s1-q24,5,23,1,24,Copy of Book 5.pdf,209,370,Located in assigned book,2,True,,Radius ratios and coordination
Final Exam,b5-c23-s1-q25,5,23,1,25,Copy of Book 5.pdf,210,371,Located in assigned book,2,True,,Radius ratios and coordination
Final Exam,b5-c23-s1-q26,5,23,1,26,Copy of Book 5.pdf,210,371,Located in assigned book,3,True,,Radius ratios and coordination
Final Exam,b5-c23-s1-q27,5,23,1,27,Copy of Book 5.pdf,210,371,Located in assigned book,4,True,,Radius ratios and coordination
Final Exam,b5-c23-s1-q28,5,23,1,28,Copy of Book 5.pdf,211,372,Located in assigned book,5,True,,Radius ratios and coordination
Final Exam,b5-c23-s1-q29,5,23,1,29,Copy of Book 5.pdf,211,372,Located in assigned book,1,True,,Radius ratios and coordination
Final Exam,b5-c23-s1-q30,5,23,1,30,Copy of Book 5.pdf,211,372,Located in assigned book,2,True,,Radius ratios and coordination
Final Exam,b5-c23-s2-q01,5,23,2,1,Copy of Book 5.pdf,212,373,Located in assigned book,3,True,,Radius ratios and coordination
Final Exam,b5-c23-s2-q02,5,23,2,2,Copy of Book 5.pdf,212,373,Located in assigned book,4,True,,Radius ratios and coordination
Final Exam,b5-c23-s2-q03,5,23,2,3,Copy of Book 5.pdf,212,373,Located in assigned book,5,False,"The source says coordination number 7 but marks cubic coordination, which has eight neighbors. The printed number needs clarification.",Radius ratios and coordination
Final Exam,b5-c23-s2-q04,5,23,2,4,Copy of Book 5.pdf,212,373,Located in assigned book,2,True,,Ceramic structures and applications
Final Exam,b5-c23-s2-q05,5,23,2,5,Copy of Book 5.pdf,213,374,Located in assigned book,3,True,,Ceramic structures and applications
Final Exam,b5-c23-s2-q06,5,23,2,6,Copy of Book 5.pdf,213,374,Located in assigned book,4,True,,Ceramic structures and applications
Final Exam,b5-c23-s2-q07,5,23,2,7,Copy of Book 5.pdf,213,374,Located in assigned book,2,True,,Ceramic structures and applications
Final Exam,b5-c23-s2-q08,5,23,2,8,Copy of Book 5.pdf,213,374,Located in assigned book,3,True,,Radius ratios and coordination
Final Exam,b5-c23-s2-q09,5,23,2,9,Copy of Book 5.pdf,214,375,Located in assigned book,4,True,,Radius ratios and coordination
Final Exam,b5-c23-s2-q10,5,23,2,10,Copy of Book 5.pdf,214,375,Located in assigned book,2,True,,Ceramic bonding and charge balance
Final Exam,b5-c23-s2-q11,5,23,2,11,Copy of Book 5.pdf,214,375,Located in assigned book,2,True,,Ceramic bonding and charge balance
Final Exam,b5-c23-s2-q12,5,23,2,12,Copy of Book 5.pdf,214,375,Located in assigned book,4,True,,Radius ratios and coordination
Final Exam,b5-c23-s2-q13,5,23,2,13,Copy of Book 5.pdf,215,376,Located in assigned book,1,True,,Ceramic structures and applications
Final Exam,b5-c23-s2-q14,5,23,2,14,Copy of Book 5.pdf,215,376,Located in assigned book,2,True,,Radius ratios and coordination
Final Exam,b5-c23-s2-q15,5,23,2,15,Copy of Book 5.pdf,215,376,Located in assigned book,1,False,"AX is a stoichiometric class containing multiple structures, not a unique synonym for rock salt.",Ceramic structures and applications
Final Exam,b5-c23-s2-q16,5,23,2,16,Copy of Book 5.pdf,215,376,Located in assigned book,4,True,,Ceramic structures and applications
Final Exam,b5-c23-s2-q17,5,23,2,17,Copy of Book 5.pdf,216,377,Located in assigned book,3,True,,Ceramic structures and applications
Final Exam,b5-c23-s2-q18,5,23,2,18,Copy of Book 5.pdf,216,377,Located in assigned book,4,True,,Ceramic bonding and charge balance
Final Exam,b5-c23-s2-q19,5,23,2,19,Copy of Book 5.pdf,216,377,Located in assigned book,2,True,,Ceramic structures and applications
Final Exam,b5-c23-s2-q20,5,23,2,20,Copy of Book 5.pdf,216,377,Located in assigned book,1,True,,Ceramic structures and applications
Final Exam,b5-c23-s2-q21,5,23,2,21,Copy of Book 5.pdf,216,377,Located in assigned book,3,True,,Ceramic structures and applications
Final Exam,b5-c23-s2-q22,5,23,2,22,Copy of Book 5.pdf,217,378,Located in assigned book,2,True,,Ceramic structures and applications
Final Exam,b5-c23-s2-q23,5,23,2,23,Copy of Book 5.pdf,217,378,Located in assigned book,4,True,,Ceramic structures and applications
Final Exam,b5-c23-s2-q24,5,23,2,24,Copy of Book 5.pdf,217,378,Located in assigned book,2,True,,Ceramic structures and applications
Final Exam,b5-c23-s2-q25,5,23,2,25,Copy of Book 5.pdf,217,378,Located in assigned book,3,True,,Ceramic structures and applications
Final Exam,b5-c23-s2-q26,5,23,2,26,Copy of Book 5.pdf,217,378,Located in assigned book,2,True,,Ceramic structures and applications
Final Exam,b5-c23-s2-q27,5,23,2,27,Copy of Book 5.pdf,218,379,Located in assigned book,2,True,,Ceramic structures and applications
Final Exam,b5-c23-s2-q28,5,23,2,28,Copy of Book 5.pdf,218,379,Located in assigned book,4,True,,Ceramic structures and applications
Final Exam,b5-c23-s2-q29,5,23,2,29,Copy of Book 5.pdf,218,379,Located in assigned book,3,True,,Ceramic structures and applications
Final Exam,b5-c23-s2-q30,5,23,2,30,Copy of Book 5.pdf,218,379,Located in assigned book,2,True,,Ceramic structures and applications
Final Exam,b5-c24-s1-q01,5,24,1,1,Copy of Book 5.pdf,244,405,Located in assigned book,2,True,,Composite architecture
Final Exam,b5-c24-s1-q02,5,24,1,2,Copy of Book 5.pdf,244,405,Located in assigned book,1,True,,Composite architecture
Final Exam,b5-c24-s1-q03,5,24,1,3,Copy of Book 5.pdf,245,406,Located in assigned book,2,True,,Composite architecture
Final Exam,b5-c24-s1-q04,5,24,1,4,Copy of Book 5.pdf,245,406,Located in assigned book,3,True,,Composite architecture
Final Exam,b5-c24-s1-q05,5,24,1,5,Copy of Book 5.pdf,245,406,Located in assigned book,4,True,,Composite architecture
Final Exam,b5-c24-s1-q06,5,24,1,6,Copy of Book 5.pdf,245,406,Located in assigned book,4,True,,Composite architecture
Final Exam,b5-c24-s1-q07,5,24,1,7,Copy of Book 5.pdf,246,407,Located in assigned book,3,True,,Composite architecture
Final Exam,b5-c24-s1-q08,5,24,1,8,Copy of Book 5.pdf,246,407,Located in assigned book,2,True,,Composite architecture
Final Exam,b5-c24-s1-q09,5,24,1,9,Copy of Book 5.pdf,246,407,Located in assigned book,1,True,,Composite architecture
Final Exam,b5-c24-s1-q10,5,24,1,10,Copy of Book 5.pdf,246,407,Located in assigned book,1,True,,Composite architecture
Final Exam,b5-c24-s1-q11,5,24,1,11,Copy of Book 5.pdf,246,407,Located in assigned book,2,True,,Composite architecture
Final Exam,b5-c24-s1-q12,5,24,1,12,Copy of Book 5.pdf,247,408,Located in assigned book,3,True,,Composite architecture
Final Exam,b5-c24-s1-q13,5,24,1,13,Copy of Book 5.pdf,247,408,Located in assigned book,4,True,,Composite architecture
Final Exam,b5-c24-s1-q14,5,24,1,14,Copy of Book 5.pdf,247,408,Located in assigned book,1,True,,Composite architecture
Final Exam,b5-c24-s1-q15,5,24,1,15,Copy of Book 5.pdf,247,408,Located in assigned book,2,True,,Composite architecture
Final Exam,b5-c24-s1-q16,5,24,1,16,Copy of Book 5.pdf,248,409,Located in assigned book,3,True,,Composite architecture
Final Exam,b5-c24-s1-q17,5,24,1,17,Copy of Book 5.pdf,248,409,Located in assigned book,4,True,,Matrix and reinforcement roles
Final Exam,b5-c24-s1-q18,5,24,1,18,Copy of Book 5.pdf,248,409,Located in assigned book,1,True,,Matrix and reinforcement roles
Final Exam,b5-c24-s1-q19,5,24,1,19,Copy of Book 5.pdf,248,409,Located in assigned book,4,True,,Matrix and reinforcement roles
Final Exam,b5-c24-s1-q20,5,24,1,20,Copy of Book 5.pdf,248,409,Located in assigned book,3,True,,Composite architecture
Final Exam,b5-c24-s1-q21,5,24,1,21,Copy of Book 5.pdf,249,410,Located in assigned book,2,True,,Composite examples and specific properties
Final Exam,b5-c24-s1-q22,5,24,1,22,Copy of Book 5.pdf,249,410,Located in assigned book,1,False,The matrix/fiber assignments in this particular eutectic composite example need confirmation from its micrograph or original reference.,Composite examples and specific properties
Final Exam,b5-c24-s1-q23,5,24,1,23,Copy of Book 5.pdf,249,410,Located in assigned book,2,False,The matrix/fiber assignments in this particular eutectic composite example need confirmation from its micrograph or original reference.,Composite examples and specific properties
Final Exam,b5-c24-s1-q24,5,24,1,24,Copy of Book 5.pdf,249,410,Located in assigned book,1,True,,Composite examples and specific properties
Final Exam,b5-c24-s1-q25,5,24,1,25,Copy of Book 5.pdf,250,411,Located in assigned book,2,True,,Composite examples and specific properties
Final Exam,b5-c24-s1-q26,5,24,1,26,Copy of Book 5.pdf,250,411,Located in assigned book,1,True,,Composite examples and specific properties
Final Exam,b5-c24-s1-q27,5,24,1,27,Copy of Book 5.pdf,250,411,Located in assigned book,2,True,,Composite examples and specific properties
Final Exam,b5-c24-s1-q28,5,24,1,28,Copy of Book 5.pdf,250,411,Located in assigned book,3,True,,Composite examples and specific properties
Final Exam,b5-c24-s1-q29,5,24,1,29,Copy of Book 5.pdf,251,412,Located in assigned book,4,True,,Composite examples and specific properties
Final Exam,b5-c24-s1-q30,5,24,1,30,Copy of Book 5.pdf,251,412,Located in assigned book,2,True,,Composite architecture
Final Exam,b5-c24-s2-q01,5,24,2,1,Copy of Book 5.pdf,252,413,Located in assigned book,2,True,,Composite architecture
Final Exam,b5-c24-s2-q02,5,24,2,2,Copy of Book 5.pdf,252,413,Located in assigned book,1,True,,Composite architecture
Final Exam,b5-c24-s2-q03,5,24,2,3,Copy of Book 5.pdf,252,413,Located in assigned book,5,True,,Composite examples and specific properties
Final Exam,b5-c24-s2-q04,5,24,2,4,Copy of Book 5.pdf,252,413,Located in assigned book,4,True,,Composite examples and specific properties
Final Exam,b5-c24-s2-q05,5,24,2,5,Copy of Book 5.pdf,253,414,Located in assigned book,2,True,,Composite examples and specific properties
Final Exam,b5-c24-s2-q06,5,24,2,6,Copy of Book 5.pdf,253,414,Located in assigned book,1,True,,Composite examples and specific properties
Final Exam,b5-c24-s2-q07,5,24,2,7,Copy of Book 5.pdf,253,414,Located in assigned book,2,True,,Matrix and reinforcement roles
Final Exam,b5-c24-s2-q08,5,24,2,8,Copy of Book 5.pdf,253,414,Located in assigned book,3,True,,Matrix and reinforcement roles
Final Exam,b5-c24-s2-q09,5,24,2,9,Copy of Book 5.pdf,254,415,Located in assigned book,4,True,,Matrix and reinforcement roles
Final Exam,b5-c24-s2-q10,5,24,2,10,Copy of Book 5.pdf,254,415,Located in assigned book,4,True,,Matrix and reinforcement roles
Final Exam,b5-c24-s2-q11,5,24,2,11,Copy of Book 5.pdf,254,415,Located in assigned book,3,True,,Matrix and reinforcement roles
Final Exam,b5-c24-s2-q12,5,24,2,12,Copy of Book 5.pdf,254,415,Located in assigned book,2,True,,Matrix and reinforcement roles
Final Exam,b5-c24-s2-q13,5,24,2,13,Copy of Book 5.pdf,254,415,Located in assigned book,1,True,,Matrix and reinforcement roles
Final Exam,b5-c24-s2-q14,5,24,2,14,Copy of Book 5.pdf,255,416,Located in assigned book,2,False,"The very small strength values in psi appear to contain exponent or axis-scaling errors. The trend can be studied, but numerical scoring is withheld.",Matrix and reinforcement roles
Final Exam,b5-c24-s2-q15,5,24,2,15,Copy of Book 5.pdf,255,416,Located in assigned book,3,False,"The very small strength values in psi appear to contain exponent or axis-scaling errors. The trend can be studied, but numerical scoring is withheld.",Matrix and reinforcement roles
Final Exam,b5-c24-s2-q16,5,24,2,16,Copy of Book 5.pdf,255,416,Located in assigned book,1,True,,Matrix and reinforcement roles
Final Exam,b5-c24-s2-q17,5,24,2,17,Copy of Book 5.pdf,255,416,Located in assigned book,2,True,,Matrix and reinforcement roles
Final Exam,b5-c24-s2-q18,5,24,2,18,Copy of Book 5.pdf,256,417,Located in assigned book,2,True,,Matrix and reinforcement roles
Final Exam,b5-c24-s2-q19,5,24,2,19,Copy of Book 5.pdf,256,417,Located in assigned book,1,True,,Composite examples and specific properties
Final Exam,b5-c24-s2-q20,5,24,2,20,Copy of Book 5.pdf,256,417,Located in assigned book,3,True,,Composite examples and specific properties
Final Exam,b5-c24-s2-q21,5,24,2,21,Copy of Book 5.pdf,256,417,Located in assigned book,3,True,,Composite examples and specific properties
Final Exam,b5-c24-s2-q22,5,24,2,22,Copy of Book 5.pdf,257,418,Located in assigned book,4,True,,Composite examples and specific properties
Final Exam,b5-c24-s2-q23,5,24,2,23,Copy of Book 5.pdf,257,418,Located in assigned book,1,True,,Composite examples and specific properties
Final Exam,b5-c24-s2-q24,5,24,2,24,Copy of Book 5.pdf,257,418,Located in assigned book,2,False,The carbon–carbon service-temperature range depends strongly on atmosphere and protection. The intended conditions need clarification.,Composite examples and specific properties
Final Exam,b5-c24-s2-q25,5,24,2,25,Copy of Book 5.pdf,257,418,Located in assigned book,1,True,,Composite examples and specific properties
Final Exam,b5-c24-s2-q26,5,24,2,26,Copy of Book 5.pdf,258,419,Located in assigned book,2,True,,Composite examples and specific properties
Final Exam,b5-c24-s2-q27,5,24,2,27,Copy of Book 5.pdf,258,419,Located in assigned book,2,True,,Composite examples and specific properties
Final Exam,b5-c24-s2-q28,5,24,2,28,Copy of Book 5.pdf,258,419,Located in assigned book,2,True,,Composite examples and specific properties
Final Exam,b5-c24-s2-q29,5,24,2,29,Copy of Book 5.pdf,258,419,Located in assigned book,2,True,,Composite examples and specific properties
Final Exam,b5-c24-s2-q30,5,24,2,30,Copy of Book 5.pdf,258,419,Located in assigned book,2,True,,Composite examples and specific properties
